vx,vy,omega,theta,x,y,e_x,,0.5-x,P1 LHS,P1 RHS,,,"""-0.5-x","""-0.79<th","""th<-0.74",P2 LHS,"""0.184<ex","""ex<0.19",P2 RHS,,"""om>0","""vy<-0.3",P3 LHS,P3 RHS,,P1-2 LHS,P1-2 RHS,,"""-2<y<2","""-0.7869<th","""th<-0.747",P2 RHS,,isabove ystar=2?,,,,
0.969114577,-0.292512056,-0.268122242,-0.068005878,0.482645864,1.34008396,0.19,,0.017354136,TRUE,TRUE,TRUE,,-0.982645864,TRUE,FALSE,,TRUE,FALSE,FALSE,,TRUE,FALSE,FALSE,FALSE,,FALSE,TRUE,,TRUE,TRUE,FALSE,FALSE,,FALSE,,262,,
1.182395975,-0.537869316,-0.321822683,-0.224654215,0.97149267,1.05379588,0.193,,-0.47149267,TRUE,TRUE,TRUE,,-1.47149267,TRUE,FALSE,,TRUE,FALSE,FALSE,,TRUE,TRUE,TRUE,FALSE,,TRUE,TRUE,,FALSE,TRUE,FALSE,FALSE,,TRUE,,,,
1.610253793,-0.603837844,-0.203295996,-0.360992036,1.544375663,0.566293874,0.19194125,,-1.044375663,TRUE,TRUE,TRUE,,-2.044375663,TRUE,FALSE,,TRUE,FALSE,FALSE,,TRUE,TRUE,TRUE,FALSE,,TRUE,TRUE,,FALSE,TRUE,FALSE,FALSE,,TRUE,,,,
2.037702364,-0.382431668,-0.31424769,-0.464141562,2.287784443,-0.035855,0.191776247,,-1.787784443,TRUE,TRUE,TRUE,,-2.787784443,TRUE,FALSE,,TRUE,FALSE,FALSE,,TRUE,TRUE,TRUE,FALSE,,TRUE,TRUE,,FALSE,TRUE,FALSE,FALSE,,TRUE,,,,
2.330102479,-0.212456837,-0.34553527,-0.647136342,3.139195344,-0.732481097,0.193,,-2.639195344,TRUE,TRUE,TRUE,,-3.639195344,TRUE,FALSE,,TRUE,FALSE,FALSE,,TRUE,FALSE,FALSE,FALSE,,TRUE,TRUE,,FALSE,TRUE,FALSE,FALSE,,TRUE,,,,
2.649700439,-0.139284189,-0.213490788,-0.786706597,4.014568482,-1.621360766,0.193,,-3.514568482,TRUE,TRUE,TRUE,,-4.514568482,TRUE,TRUE,TRUE,TRUE,FALSE,FALSE,,TRUE,FALSE,FALSE,FALSE,,TRUE,TRUE,,FALSE,FALSE,TRUE,FALSE,,TRUE,,,,
2.930404215,-0.093806164,-0.096039797,-0.861124392,4.916351234,-2.690880678,0.189508527,,-4.416351234,TRUE,TRUE,TRUE,,-5.416351234,FALSE,TRUE,,TRUE,TRUE,TRUE,,FALSE,FALSE,FALSE,,,TRUE,TRUE,,FALSE,FALSE,TRUE,TRUE,,TRUE,,,,
3.132078188,-0.068815759,-0.026425443,-0.889398299,5.855526339,-3.885478663,0.187124632,,-5.355526339,TRUE,TRUE,TRUE,,-6.355526339,FALSE,TRUE,,TRUE,TRUE,TRUE,,FALSE,FALSE,FALSE,,,FALSE,TRUE,,TRUE,FALSE,TRUE,TRUE,,FALSE,,,,
3.25820441,-0.057773386,0.004172278,-0.893814744,6.834882867,-5.151542547,0.18679183,,-6.334882867,TRUE,FALSE,FALSE,,-7.334882867,FALSE,TRUE,,TRUE,TRUE,TRUE,,FALSE,FALSE,FALSE,,,FALSE,FALSE,,TRUE,FALSE,TRUE,TRUE,,FALSE,,,,
3.328948081,-0.053814531,0.01490688,-0.888598932,7.848890761,-6.451764602,0.187097067,,-7.348890761,TRUE,TRUE,TRUE,,-8.348890761,FALSE,TRUE,,TRUE,TRUE,TRUE,,FALSE,FALSE,FALSE,,,FALSE,TRUE,,TRUE,FALSE,TRUE,TRUE,,FALSE,,,,
3.364229288,-0.052870379,0.017709117,-0.880312062,8.889268323,-7.764016171,0.187385343,,-8.389268323,TRUE,TRUE,TRUE,,-9.389268323,FALSE,TRUE,,TRUE,TRUE,TRUE,,FALSE,FALSE,FALSE,,,FALSE,TRUE,,TRUE,FALSE,TRUE,TRUE,,FALSE,,,-0.068005878,41.71618408
3.378479394,-0.053042623,0.018073324,-0.871341184,9.948791523,-9.076188767,0.187532811,,-9.448791523,TRUE,TRUE,TRUE,,-10.44879152,FALSE,TRUE,,TRUE,TRUE,TRUE,,FALSE,FALSE,FALSE,,,FALSE,TRUE,,TRUE,FALSE,TRUE,TRUE,,FALSE,,,-0.937630782,0.482645864
3.380766583,-0.053597244,0.017921618,-0.862345167,11.02242407,-10.38183193,0.187594128,,-10.52242407,TRUE,TRUE,TRUE,,-11.52242407,FALSE,TRUE,,TRUE,TRUE,TRUE,,FALSE,FALSE,FALSE,,,FALSE,TRUE,,TRUE,FALSE,TRUE,TRUE,,FALSE,,,,
3.376372476,-0.054292149,0.017724696,-0.853441864,12.10700818,-11.67750056,0.187632676,,-11.60700818,FALSE,TRUE,,,-12.60700818,FALSE,TRUE,,TRUE,TRUE,TRUE,,FALSE,FALSE,FALSE,,,FALSE,TRUE,,TRUE,FALSE,TRUE,TRUE,,FALSE,,,,
3.368262874,-0.055056086,0.017513445,-0.844642576,13.20061746,-12.96134704,0.187680687,,-12.70061746,FALSE,TRUE,,,-13.70061746,FALSE,TRUE,,TRUE,TRUE,TRUE,,FALSE,FALSE,FALSE,,,FALSE,TRUE,,TRUE,FALSE,TRUE,TRUE,,FALSE,,,,
3.358090942,-0.055866464,0.017239246,-0.835967241,14.30202763,-14.2324087,0.187748385,,-13.80202763,FALSE,TRUE,,,-14.80202763,FALSE,TRUE,,TRUE,TRUE,TRUE,,FALSE,FALSE,FALSE,,,FALSE,TRUE,,TRUE,FALSE,TRUE,TRUE,,FALSE,,,,
3.346794613,-0.056711507,0.016865752,-0.827457146,15.41038214,-15.49024646,0.187836391,,-14.91038214,FALSE,TRUE,,,-15.91038214,FALSE,TRUE,,TRUE,TRUE,TRUE,,FALSE,FALSE,FALSE,,,FALSE,TRUE,,TRUE,FALSE,TRUE,TRUE,,FALSE,,,,
3.334928406,-0.057581121,0.016378001,-0.819165873,16.52500632,-16.73475617,0.187942229,,-16.02500632,FALSE,TRUE,,,-17.02500632,FALSE,TRUE,,TRUE,TRUE,TRUE,,FALSE,FALSE,FALSE,,,FALSE,TRUE,,TRUE,FALSE,TRUE,TRUE,,FALSE,,,,
3.322841381,-0.058465468,0.015775269,-0.811150536,17.64531191,-17.96606596,0.188062739,,-17.14531191,FALSE,TRUE,,,-18.14531191,FALSE,TRUE,,TRUE,TRUE,TRUE,,FALSE,FALSE,FALSE,,,FALSE,TRUE,,TRUE,FALSE,TRUE,TRUE,,FALSE,,,,
3.310771007,-0.059355003,0.015064692,-0.803466447,18.77075144,-19.1844772,0.188194767,,-18.27075144,FALSE,TRUE,,,-19.27075144,FALSE,TRUE,,TRUE,TRUE,TRUE,,FALSE,FALSE,FALSE,,,FALSE,TRUE,,TRUE,FALSE,TRUE,TRUE,,FALSE,,,,
3.298892239,-0.060240591,0.014257648,-0.796164203,19.90079879,-20.3904278,0.188335326,,-19.40079879,FALSE,TRUE,,,-20.40079879,FALSE,TRUE,,TRUE,TRUE,TRUE,,FALSE,FALSE,FALSE,,,FALSE,TRUE,,TRUE,FALSE,TRUE,TRUE,,FALSE,,,,
3.287342889,-0.061113576,0.013367903,-0.789288085,21.03494309,-21.5844669,0.188481622,,-20.53494309,FALSE,TRUE,,,-21.53494309,TRUE,TRUE,TRUE,TRUE,TRUE,TRUE,,FALSE,FALSE,FALSE,,,FALSE,TRUE,,TRUE,FALSE,TRUE,TRUE,,FALSE,,,,
3.276236473,-0.06196583,0.012410609,-0.782875141,22.17268899,-22.76723513,0.188631079,,-21.67268899,FALSE,TRUE,,,-22.67268899,TRUE,TRUE,TRUE,TRUE,TRUE,TRUE,,FALSE,FALSE,FALSE,,,FALSE,TRUE,,TRUE,TRUE,TRUE,TRUE,,FALSE,,,,
3.265668441,-0.062789821,0.01140167,-0.776954673,23.3135599,-23.93944765,0.188781349,,-22.8135599,FALSE,TRUE,,,-23.8135599,TRUE,TRUE,TRUE,TRUE,TRUE,TRUE,,FALSE,FALSE,FALSE,,,FALSE,TRUE,,TRUE,TRUE,TRUE,TRUE,,FALSE,,,,
3.255718979,-0.063578691,0.010357263,-0.771547986,24.45710201,-25.10187844,0.188930333,,-23.95710201,FALSE,TRUE,,,-24.95710201,TRUE,TRUE,TRUE,TRUE,TRUE,TRUE,,FALSE,FALSE,FALSE,,,FALSE,TRUE,,TRUE,TRUE,TRUE,TRUE,,FALSE,,,,
3.246454083,-0.064326344,0.009293429,-0.766668366,25.60288828,-26.25534521,0.189076187,,-25.10288828,FALSE,TRUE,,,-26.10288828,TRUE,TRUE,TRUE,TRUE,TRUE,TRUE,,FALSE,FALSE,FALSE,,,FALSE,TRUE,,TRUE,TRUE,TRUE,TRUE,,FALSE,,,,
3.237925869,-0.065027525,0.008225707,-0.762321239,26.75052168,-27.40069488,0.189217331,,-26.25052168,FALSE,TRUE,,,-27.25052168,TRUE,TRUE,TRUE,TRUE,TRUE,TRUE,,FALSE,FALSE,FALSE,,,FALSE,TRUE,,TRUE,TRUE,TRUE,TRUE,,FALSE,,,,
3.230172629,-0.065677895,0.007168803,-0.758504513,27.89963756,-28.53878959,0.189352443,,-27.39963756,FALSE,TRUE,,,-28.39963756,TRUE,TRUE,TRUE,TRUE,TRUE,TRUE,,FALSE,FALSE,FALSE,,,FALSE,TRUE,,TRUE,TRUE,TRUE,TRUE,,FALSE,,,,
3.22321893,-0.06627408,0.006136287,-0.755209072,29.04990504,-29.67049337,0.189480453,,-28.54990504,FALSE,TRUE,,,-29.54990504,TRUE,TRUE,TRUE,TRUE,TRUE,TRUE,,FALSE,FALSE,FALSE,,,FALSE,TRUE,,TRUE,TRUE,TRUE,TRUE,,FALSE,,,,
3.217075903,-0.066813704,0.005140345,-0.752419406,30.20102748,-30.79665979,0.189600535,,-29.70102748,FALSE,TRUE,,,-30.70102748,TRUE,TRUE,TRUE,TRUE,TRUE,TRUE,,FALSE,FALSE,FALSE,,,FALSE,TRUE,,TRUE,TRUE,TRUE,TRUE,,FALSE,,,,
3.211741798,-0.067295389,0.004191578,-0.750114352,31.35274214,-31.91812071,0.189712087,,-30.85274214,FALSE,TRUE,,,-31.85274214,TRUE,TRUE,TRUE,TRUE,TRUE,TRUE,,FALSE,FALSE,FALSE,,,FALSE,TRUE,,TRUE,TRUE,TRUE,TRUE,,FALSE,,,,
3.207202823,-0.067718737,0.003298854,-0.748267928,32.50481909,-33.03567625,0.189814718,,-32.00481909,FALSE,TRUE,,,-33.00481909,TRUE,TRUE,TRUE,TRUE,TRUE,TRUE,,FALSE,FALSE,FALSE,,,FALSE,TRUE,,TRUE,TRUE,TRUE,TRUE,,FALSE,,,,
3.203434245,-0.068084273,0.002469237,-0.746850212,33.65705963,-34.15008631,0.189908223,,-33.15705963,FALSE,TRUE,,,-34.15705963,TRUE,TRUE,TRUE,TRUE,TRUE,TRUE,,FALSE,FALSE,FALSE,,,FALSE,TRUE,,TRUE,TRUE,FALSE,TRUE,,FALSE,,,,
3.200401715,-0.06839338,0.001707967,-0.745828248,34.80929428,-35.26206349,0.189992567,,-34.30929428,FALSE,TRUE,,,-35.30929428,TRUE,TRUE,TRUE,TRUE,TRUE,TRUE,,FALSE,FALSE,FALSE,,,FALSE,TRUE,,TRUE,TRUE,FALSE,TRUE,,FALSE,,,,
3.198062764,-0.068648196,0.001018501,-0.745166944,35.96138056,-36.37226761,0.190067858,,-35.46138056,FALSE,TRUE,,,-36.46138056,TRUE,TRUE,TRUE,TRUE,FALSE,FALSE,,FALSE,FALSE,FALSE,,,FALSE,TRUE,,TRUE,TRUE,FALSE,FALSE,,FALSE,,,,
3.1963684,-0.068851516,0.000402598,-0.744829943,37.11320053,-37.48130176,0.190134326,,-36.61320053,FALSE,TRUE,,,-37.61320053,TRUE,TRUE,TRUE,TRUE,FALSE,FALSE,,FALSE,FALSE,FALSE,,,FALSE,TRUE,,TRUE,TRUE,FALSE,FALSE,,FALSE,,,,
3.195264746,-0.069006671,-0.00013956,-0.744780432,38.26465843,-38.58970981,0.190192306,,-37.76465843,FALSE,TRUE,,,-38.76465843,TRUE,TRUE,TRUE,TRUE,FALSE,FALSE,,FALSE,FALSE,FALSE,,,FALSE,TRUE,,TRUE,TRUE,FALSE,FALSE,,FALSE,,,,
3.194694663,-0.069117408,-0.000609219,-0.744981891,39.41567821,-39.69797533,0.190242209,,-38.91567821,FALSE,TRUE,,,-39.91567821,TRUE,TRUE,TRUE,TRUE,FALSE,FALSE,,FALSE,FALSE,FALSE,,,FALSE,TRUE,,TRUE,TRUE,FALSE,FALSE,,FALSE,,,,
3.194599303,-0.069187769,-0.001008852,-0.745398757,40.56620124,-40.80652181,0.19028451,,-40.06620124,FALSE,TRUE,,,-41.06620124,TRUE,TRUE,TRUE,TRUE,FALSE,FALSE,,FALSE,FALSE,FALSE,,,FALSE,TRUE,,TRUE,TRUE,FALSE,FALSE,,FALSE,,,,
3.194919538,-0.069221965,-0.001341929,-0.745996972,41.71618408,-41.91571395,0.190319722,,-41.21618408,FALSE,TRUE,,,-42.21618408,TRUE,TRUE,TRUE,TRUE,FALSE,FALSE,,FALSE,FALSE,FALSE,,,FALSE,TRUE,,TRUE,TRUE,FALSE,FALSE,,FALSE,,,,
0.969114577,-0.292512056,-0.268122242,-0.068005878,0.482645864,1.697226817,0.19,,0.017354136,TRUE,TRUE,TRUE,,,TRUE,FALSE,,TRUE,FALSE,FALSE,,TRUE,FALSE,FALSE,,,TRUE,TRUE,,FALSE,TRUE,FALSE,FALSE,,TRUE,,,,
1.182395975,-0.537869316,-0.321822683,-0.224654215,0.97149267,1.410938738,0.193,,-0.47149267,TRUE,TRUE,TRUE,,,TRUE,FALSE,,TRUE,FALSE,FALSE,,TRUE,TRUE,TRUE,,,TRUE,TRUE,,FALSE,TRUE,FALSE,FALSE,,TRUE,,,,
1.610671867,-0.604743312,-0.206416373,-0.36176589,1.54422484,0.923092312,0.192433086,,-1.04422484,TRUE,TRUE,TRUE,,,TRUE,FALSE,,TRUE,FALSE,FALSE,,TRUE,TRUE,TRUE,,,TRUE,TRUE,,FALSE,TRUE,FALSE,FALSE,,TRUE,,,,
2.040697656,-0.384539341,-0.319719411,-0.466948392,2.286953438,0.318565112,0.192249016,,-1.786953438,TRUE,TRUE,TRUE,,,TRUE,FALSE,,TRUE,FALSE,FALSE,,TRUE,TRUE,TRUE,,,TRUE,TRUE,,FALSE,TRUE,FALSE,FALSE,,TRUE,,,,
2.335941467,-0.212748111,-0.34863335,-0.652289612,3.137040573,-0.383248315,0.193,,-2.637040573,TRUE,TRUE,TRUE,,,TRUE,FALSE,,TRUE,FALSE,FALSE,,TRUE,FALSE,FALSE,,,TRUE,TRUE,,FALSE,TRUE,FALSE,FALSE,,TRUE,,,,
2.657818151,-0.138637496,-0.213748852,-0.792597062,4.010098229,-1.279320381,0.193,,-3.510098229,TRUE,TRUE,TRUE,,,TRUE,TRUE,TRUE,TRUE,FALSE,FALSE,,TRUE,FALSE,FALSE,,,TRUE,TRUE,,FALSE,FALSE,TRUE,FALSE,,TRUE,,,,
2.939482443,-0.093290522,-0.097090283,-0.867348439,4.908552923,-2.357269115,0.189758671,,-4.408552923,TRUE,TRUE,TRUE,,,FALSE,TRUE,,TRUE,TRUE,TRUE,,FALSE,FALSE,FALSE,,,TRUE,TRUE,,FALSE,FALSE,TRUE,TRUE,,TRUE,,,,
3.141558758,-0.068405013,-0.027794539,-0.896238858,5.843035285,-3.561418614,0.187338713,,-5.343035285,TRUE,TRUE,TRUE,,,FALSE,TRUE,,TRUE,TRUE,TRUE,,FALSE,FALSE,FALSE,,,TRUE,TRUE,,FALSE,FALSE,TRUE,TRUE,,TRUE,,,,
3.26805811,-0.057333153,0.002941192,-0.901302031,6.816454652,-4.838126244,0.186941699,,-6.316454652,TRUE,FALSE,FALSE,,,FALSE,TRUE,,TRUE,TRUE,TRUE,,FALSE,FALSE,FALSE,,,FALSE,FALSE,,TRUE,FALSE,TRUE,TRUE,,FALSE,,,,
3.339264639,-0.053291013,0.01397223,-0.896618791,7.823657777,-6.149980136,0.187190162,,-7.323657777,TRUE,TRUE,TRUE,,,FALSE,TRUE,,TRUE,TRUE,TRUE,,FALSE,FALSE,FALSE,,,FALSE,TRUE,,TRUE,FALSE,TRUE,TRUE,,FALSE,,,,
3.37505814,-0.05226009,0.017065619,-0.888716322,8.856745611,-7.474681809,0.187433763,,-8.356745611,TRUE,TRUE,TRUE,,,FALSE,TRUE,,TRUE,TRUE,TRUE,,FALSE,FALSE,FALSE,,,FALSE,TRUE,,TRUE,FALSE,TRUE,TRUE,,FALSE,,,,
3.389807447,-0.052357914,0.017675907,-0.87999694,9.908787663,-8.799934934,0.187545061,,-9.408787663,TRUE,TRUE,TRUE,,,FALSE,TRUE,,TRUE,TRUE,TRUE,,FALSE,FALSE,FALSE,,,FALSE,TRUE,,TRUE,FALSE,TRUE,TRUE,,FALSE,,,,
3.392536701,-0.052851252,0.017733327,-0.871140028,10.97495286,-10.11911187,0.187575218,,-10.47495286,TRUE,TRUE,TRUE,,,FALSE,TRUE,,TRUE,TRUE,TRUE,,FALSE,FALSE,FALSE,,,FALSE,TRUE,,TRUE,FALSE,TRUE,TRUE,,FALSE,,,,
3.388502187,-0.053496131,0.017721382,-0.862278314,12.05222805,-11.42860612,0.187585978,,-11.55222805,TRUE,TRUE,TRUE,,,FALSE,TRUE,,TRUE,TRUE,TRUE,,FALSE,FALSE,FALSE,,,FALSE,TRUE,,TRUE,FALSE,TRUE,TRUE,,FALSE,,,,
3.380655996,-0.054219959,0.017678611,-0.853432997,13.13879307,-12.72642155,0.187609259,,-12.63879307,FALSE,TRUE,,,,FALSE,TRUE,,TRUE,TRUE,TRUE,,FALSE,FALSE,FALSE,,,FALSE,TRUE,,TRUE,FALSE,TRUE,TRUE,,FALSE,,,,
3.370643981,-0.054999509,0.017559617,-0.844631348,14.2335041,-14.01145655,0.187655355,,-13.7335041,FALSE,TRUE,,,,FALSE,TRUE,,TRUE,TRUE,TRUE,,FALSE,FALSE,FALSE,,,FALSE,TRUE,,TRUE,FALSE,TRUE,TRUE,,FALSE,,,,
3.359400459,-0.055822745,0.017328859,-0.83592105,15.33556583,-15.28314092,0.187724967,,-14.83556583,FALSE,TRUE,,,,FALSE,TRUE,,TRUE,TRUE,TRUE,,FALSE,FALSE,FALSE,,,FALSE,TRUE,,TRUE,FALSE,TRUE,TRUE,,FALSE,,,,
3.347478859,-0.056679437,0.016971089,-0.827361981,16.44434889,-16.541247,0.187815625,,-15.94434889,FALSE,TRUE,,,,FALSE,TRUE,,TRUE,TRUE,TRUE,,FALSE,FALSE,FALSE,,,FALSE,TRUE,,TRUE,FALSE,TRUE,TRUE,,FALSE,,,,
3.335229201,-0.05755961,0.016484865,-0.819017808,17.55929638,-17.78578749,0.187924107,,-17.05929638,FALSE,TRUE,,,,FALSE,TRUE,,TRUE,TRUE,TRUE,,FALSE,FALSE,FALSE,,,FALSE,TRUE,,TRUE,FALSE,TRUE,TRUE,,FALSE,,,,
3.322891796,-0.058453526,0.015876491,-0.810950779,18.67987969,-19.01695749,0.188047141,,-18.17987969,FALSE,TRUE,,,,FALSE,TRUE,,TRUE,TRUE,TRUE,,FALSE,FALSE,FALSE,,,FALSE,TRUE,,TRUE,FALSE,TRUE,TRUE,,FALSE,,,,
3.310646231,-0.059351777,0.015156562,-0.803218829,19.80558029,-20.23509887,0.188181577,,-19.30558029,FALSE,TRUE,,,,FALSE,TRUE,,TRUE,TRUE,TRUE,,FALSE,FALSE,FALSE,,,FALSE,TRUE,,TRUE,FALSE,TRUE,TRUE,,FALSE,,,,
3.298636682,-0.060245336,0.01433821,-0.79587392,20.93588481,-21.44067613,0.188324423,,-20.43588481,FALSE,TRUE,,,,TRUE,TRUE,TRUE,TRUE,TRUE,TRUE,,FALSE,FALSE,FALSE,,,FALSE,TRUE,,TRUE,FALSE,TRUE,TRUE,,FALSE,,,,
3.286984656,-0.061125602,0.013436162,-0.788961046,22.07028669,-22.63425761,0.188472877,,-21.57028669,FALSE,TRUE,,,,TRUE,TRUE,TRUE,TRUE,TRUE,TRUE,,FALSE,FALSE,FALSE,,,FALSE,TRUE,,TRUE,FALSE,TRUE,TRUE,,FALSE,,,,
3.275795097,-0.061984464,0.012466156,-0.782517592,23.20829066,-23.81649933,0.188624348,,-22.70829066,FALSE,TRUE,,,,TRUE,TRUE,TRUE,TRUE,TRUE,TRUE,,FALSE,FALSE,FALSE,,,FALSE,TRUE,,TRUE,TRUE,TRUE,TRUE,,FALSE,,,,
3.265158983,-0.062814381,0.011444491,-0.776572955,24.34941823,-24.98812974,0.188776477,,-23.84941823,FALSE,TRUE,,,,TRUE,TRUE,TRUE,TRUE,TRUE,TRUE,,FALSE,FALSE,FALSE,,,FALSE,TRUE,,TRUE,TRUE,TRUE,TRUE,,FALSE,,,,
3.255154172,-0.063608476,0.010387634,-0.771148371,25.49321294,-26.14993484,0.188927155,,-24.99321294,FALSE,TRUE,,,,TRUE,TRUE,TRUE,TRUE,TRUE,TRUE,,FALSE,FALSE,FALSE,,,FALSE,TRUE,,TRUE,TRUE,TRUE,TRUE,,FALSE,,,,
3.24584541,-0.064360634,0.009311856,-0.766256925,26.63924502,-27.30274362,0.189074535,,-26.13924502,FALSE,TRUE,,,,TRUE,TRUE,TRUE,TRUE,TRUE,TRUE,,FALSE,FALSE,FALSE,,,FALSE,TRUE,,TRUE,TRUE,TRUE,TRUE,,FALSE,,,,
3.237284063,-0.065065587,0.008232882,-0.76190374,27.78711495,-28.44741353,0.189217033,,-27.28711495,FALSE,TRUE,,,,TRUE,TRUE,TRUE,TRUE,TRUE,TRUE,,FALSE,FALSE,FALSE,,,FALSE,TRUE,,TRUE,TRUE,TRUE,TRUE,,FALSE,,,,
3.229507868,-0.065718989,0.007165571,-0.75808634,28.936456,-29.5848166,0.189353328,,-28.436456,FALSE,TRUE,,,,TRUE,TRUE,TRUE,TRUE,TRUE,TRUE,,FALSE,FALSE,FALSE,,,FALSE,TRUE,,TRUE,TRUE,TRUE,TRUE,,FALSE,,,,
3.22254086,-0.066317473,0.006123613,-0.754795154,30.08693567,-30.71582602,0.189482355,,-29.58693567,FALSE,TRUE,,,,TRUE,TRUE,TRUE,TRUE,TRUE,TRUE,,FALSE,FALSE,FALSE,,,FALSE,TRUE,,TRUE,TRUE,TRUE,TRUE,,FALSE,,,,
3.216393585,-0.06685868,0.005119287,-0.752014164,31.23825618,-31.84130372,0.189603294,,-30.73825618,FALSE,TRUE,,,,TRUE,TRUE,TRUE,TRUE,TRUE,TRUE,,FALSE,FALSE,FALSE,,,FALSE,TRUE,,TRUE,TRUE,TRUE,TRUE,,FALSE,,,,
3.211063624,-0.067341261,0.004163253,-0.749721667,32.39015406,-32.96208907,0.189715551,,-31.89015406,FALSE,TRUE,,,,TRUE,TRUE,TRUE,TRUE,TRUE,TRUE,,FALSE,FALSE,FALSE,,,FALSE,TRUE,,TRUE,TRUE,TRUE,TRUE,,FALSE,,,,
3.206536419,-0.067764859,0.00326441,-0.747891114,33.54239905,-34.07898883,0.189818744,,-33.04239905,FALSE,TRUE,,,,TRUE,TRUE,TRUE,TRUE,TRUE,TRUE,,FALSE,FALSE,FALSE,,,FALSE,TRUE,,TRUE,TRUE,TRUE,TRUE,,FALSE,,,,
3.20278639,-0.06813005,0.002429825,-0.746492009,34.69479242,-35.19276854,0.189912681,,-34.19479242,FALSE,TRUE,,,,TRUE,TRUE,TRUE,TRUE,TRUE,TRUE,,FALSE,FALSE,FALSE,,,FALSE,TRUE,,TRUE,TRUE,FALSE,TRUE,,FALSE,,,,
3.199778281,-0.068438275,0.00166471,-0.745490828,35.84716496,-36.30414553,0.189997336,,-35.34716496,FALSE,TRUE,,,,TRUE,TRUE,TRUE,TRUE,TRUE,TRUE,,FALSE,FALSE,FALSE,,,FALSE,TRUE,,TRUE,TRUE,FALSE,TRUE,,FALSE,,,,
3.197468676,-0.06869174,0.000972477,-0.744851934,36.9993746,-37.41378338,0.190072831,,-36.4993746,FALSE,TRUE,,,,TRUE,TRUE,TRUE,TRUE,FALSE,FALSE,,FALSE,FALSE,FALSE,,,FALSE,TRUE,,TRUE,TRUE,FALSE,FALSE,,FALSE,,,,
3.195807627,-0.068893305,0.000354813,-0.744538448,38.15130405,-38.52228803,0.19013941,,-37.65130405,FALSE,TRUE,,,,TRUE,TRUE,TRUE,TRUE,FALSE,FALSE,,FALSE,FALSE,FALSE,,,FALSE,TRUE,,TRUE,TRUE,FALSE,FALSE,,FALSE,,,,
3.194740315,-0.069046375,-0.000188188,-0.744513079,39.30285825,-39.63020534,0.190197416,,-38.80285825,FALSE,TRUE,,,,TRUE,TRUE,TRUE,TRUE,FALSE,FALSE,,FALSE,FALSE,FALSE,,,FALSE,TRUE,,TRUE,TRUE,FALSE,FALSE,,FALSE,,,,
3.1942087,-0.069154769,-0.000657873,-0.744738876,40.45396194,-40.73802004,0.190247276,,-39.95396194,FALSE,TRUE,,,,TRUE,TRUE,TRUE,TRUE,FALSE,FALSE,,FALSE,FALSE,FALSE,,,FALSE,TRUE,,TRUE,TRUE,FALSE,FALSE,,FALSE,,,,
3.194153094,-0.069222597,-0.001056828,-0.745179898,41.60455733,-41.84615608,0.190289473,,-41.10455733,FALSE,TRUE,,,,TRUE,TRUE,TRUE,TRUE,FALSE,FALSE,,FALSE,FALSE,FALSE,,,FALSE,TRUE,,TRUE,TRUE,FALSE,FALSE,,FALSE,,,,
0.969114577,-0.292512056,-0.268122242,-0.068005878,0.482645864,2.054369674,0.19,,0.017354136,TRUE,TRUE,TRUE,,,TRUE,FALSE,,TRUE,FALSE,FALSE,,TRUE,FALSE,FALSE,,,TRUE,TRUE,,FALSE,TRUE,FALSE,FALSE,,TRUE,,,,
1.182395975,-0.537869316,-0.321822683,-0.224654215,0.97149267,1.768081595,0.193,,-0.47149267,TRUE,TRUE,TRUE,,,TRUE,FALSE,,TRUE,FALSE,FALSE,,TRUE,TRUE,TRUE,,,TRUE,TRUE,,FALSE,TRUE,FALSE,FALSE,,TRUE,,,,
1.611086945,-0.60564602,-0.209520581,-0.362535831,1.544074186,1.279892128,0.192924923,,-1.044074186,TRUE,TRUE,TRUE,,,TRUE,FALSE,,TRUE,FALSE,FALSE,,TRUE,TRUE,TRUE,,,TRUE,TRUE,,FALSE,TRUE,FALSE,FALSE,,TRUE,,,,
2.043679265,-0.386644005,-0.325138123,-0.46973792,2.286118708,0.672997947,0.192721846,,-1.786118708,TRUE,TRUE,TRUE,,,TRUE,FALSE,,TRUE,FALSE,FALSE,,TRUE,TRUE,TRUE,,,TRUE,TRUE,,FALSE,TRUE,FALSE,FALSE,,TRUE,,,,
2.341732819,-0.213031547,-0.351677634,-0.657396569,3.134867079,-0.033966568,0.193,,-2.634867079,TRUE,TRUE,TRUE,,,TRUE,FALSE,,TRUE,FALSE,FALSE,,TRUE,FALSE,FALSE,,,TRUE,TRUE,,FALSE,TRUE,FALSE,FALSE,,TRUE,,,,
2.665832736,-0.137995731,-0.213991709,-0.798423232,4.00558036,-0.937157288,0.193,,-3.50558036,TRUE,TRUE,TRUE,,,FALSE,TRUE,,TRUE,FALSE,FALSE,,TRUE,FALSE,FALSE,,,TRUE,TRUE,,FALSE,FALSE,TRUE,FALSE,,TRUE,,,,
2.948415672,-0.09278635,-0.098143869,-0.873506916,4.900664028,-2.023430821,0.190010132,,-4.400664028,TRUE,TRUE,TRUE,,,FALSE,TRUE,,TRUE,FALSE,FALSE,,FALSE,FALSE,FALSE,,,TRUE,TRUE,,FALSE,FALSE,TRUE,FALSE,,TRUE,,,,
3.15086907,-0.068004343,-0.029163533,-0.903015032,5.830393408,-3.23700274,0.187554296,,-5.330393408,TRUE,TRUE,TRUE,,,FALSE,TRUE,,TRUE,TRUE,TRUE,,FALSE,FALSE,FALSE,,,TRUE,TRUE,,FALSE,FALSE,TRUE,TRUE,,TRUE,,,,
3.277722996,-0.056901476,0.001713437,-0.908723983,6.797797432,-4.524203258,0.187093111,,-6.297797432,TRUE,TRUE,TRUE,,,FALSE,TRUE,,TRUE,TRUE,TRUE,,FALSE,FALSE,FALSE,,,TRUE,TRUE,,FALSE,FALSE,TRUE,TRUE,,TRUE,,,,
3.34937553,-0.052776206,0.013038904,-0.904572271,7.79809913,-5.847520435,0.187284876,,-7.29809913,TRUE,TRUE,TRUE,,,FALSE,TRUE,,TRUE,TRUE,TRUE,,FALSE,FALSE,FALSE,,,FALSE,TRUE,,TRUE,FALSE,TRUE,TRUE,,FALSE,,,,
3.385666026,-0.051659162,0.016420604,-0.897054332,8.823781568,-7.18449179,0.187483791,,-8.323781568,TRUE,TRUE,TRUE,,,FALSE,TRUE,,TRUE,TRUE,TRUE,,FALSE,FALSE,FALSE,,,FALSE,TRUE,,TRUE,FALSE,TRUE,TRUE,,FALSE,,,,
3.400901813,-0.051683429,0.017273528,-0.888588129,9.868208578,-8.522639054,0.18755876,,-9.368208578,TRUE,TRUE,TRUE,,,FALSE,TRUE,,TRUE,TRUE,TRUE,,FALSE,FALSE,FALSE,,,FALSE,TRUE,,TRUE,FALSE,TRUE,TRUE,,FALSE,,,,
3.404064052,-0.052116374,0.017536287,-0.87987381,10.92675579,-9.855163064,0.187557526,,-10.42675579,TRUE,TRUE,TRUE,,,FALSE,TRUE,,TRUE,TRUE,TRUE,,FALSE,FALSE,FALSE,,,FALSE,TRUE,,TRUE,FALSE,TRUE,TRUE,,FALSE,,,,
3.400384519,-0.052711991,0.017705538,-0.871059055,11.99655664,-11.17830132,0.187540196,,-11.49655664,TRUE,TRUE,TRUE,,,FALSE,TRUE,,TRUE,TRUE,TRUE,,FALSE,FALSE,FALSE,,,FALSE,TRUE,,TRUE,FALSE,TRUE,TRUE,,FALSE,,,,
3.392802121,-0.053396235,0.017827771,-0.862174883,13.0758995,-12.48991414,0.187538382,,-12.5758995,TRUE,TRUE,TRUE,,,FALSE,TRUE,,TRUE,TRUE,TRUE,,FALSE,FALSE,FALSE,,,FALSE,TRUE,,TRUE,FALSE,TRUE,TRUE,,FALSE,,,,
3.382955621,-0.054145178,0.017861042,-0.853255681,14.16372377,-13.78876548,0.187562452,,-13.66372377,FALSE,TRUE,,,,FALSE,TRUE,,TRUE,TRUE,TRUE,,FALSE,FALSE,FALSE,,,FALSE,TRUE,,TRUE,FALSE,TRUE,TRUE,,FALSE,,,,
3.371775658,-0.054946486,0.017770785,-0.84435522,15.2592984,-15.07415792,0.187613203,,-14.7592984,FALSE,TRUE,,,,FALSE,TRUE,,TRUE,TRUE,TRUE,,FALSE,FALSE,FALSE,,,FALSE,TRUE,,TRUE,FALSE,TRUE,TRUE,,FALSE,,,,
3.35981424,-0.055789781,0.017541578,-0.835539293,16.36204266,-16.34574331,0.187688189,,-15.86204266,FALSE,TRUE,,,,FALSE,TRUE,,TRUE,TRUE,TRUE,,FALSE,FALSE,FALSE,,,FALSE,TRUE,,TRUE,FALSE,TRUE,TRUE,,FALSE,,,,
3.347421791,-0.056664961,0.017171324,-0.826877695,17.47143441,-17.60342111,0.187784142,,-16.97143441,FALSE,TRUE,,,,FALSE,TRUE,,TRUE,TRUE,TRUE,,FALSE,FALSE,FALSE,,,FALSE,TRUE,,TRUE,FALSE,TRUE,TRUE,,FALSE,,,,
3.334840712,-0.057562123,0.016665519,-0.81843917,18.58696728,-18.8472813,0.18789769,,-18.08696728,FALSE,TRUE,,,,FALSE,TRUE,,TRUE,TRUE,TRUE,,FALSE,FALSE,FALSE,,,FALSE,TRUE,,TRUE,FALSE,TRUE,TRUE,,FALSE,,,,
3.322254328,-0.058471628,0.016033949,-0.810288543,19.70813348,-20.07756996,0.188025534,,-19.20813348,FALSE,TRUE,,,,FALSE,TRUE,,TRUE,TRUE,TRUE,,FALSE,FALSE,FALSE,,,FALSE,TRUE,,TRUE,FALSE,TRUE,TRUE,,FALSE,,,,
3.309812177,-0.059384136,0.015289046,-0.802485044,20.8344201,-21.29466622,0.188164502,,-20.3344201,FALSE,TRUE,,,,FALSE,TRUE,,TRUE,TRUE,TRUE,,FALSE,FALSE,FALSE,,,FALSE,TRUE,,TRUE,FALSE,TRUE,TRUE,,FALSE,,,,
3.297642715,-0.060290638,0.014445012,-0.795081229,21.96531184,-22.49906454,0.188311577,,-21.46531184,FALSE,TRUE,,,,TRUE,TRUE,TRUE,TRUE,TRUE,TRUE,,FALSE,FALSE,FALSE,,,FALSE,TRUE,,TRUE,FALSE,TRUE,TRUE,,FALSE,,,,
3.285859329,-0.061182517,0.013517287,-0.788122251,23.10029679,-23.69135943,0.188463931,,-22.60029679,FALSE,TRUE,,,,TRUE,TRUE,TRUE,TRUE,TRUE,TRUE,,FALSE,FALSE,FALSE,,,FALSE,TRUE,,TRUE,FALSE,TRUE,TRUE,,FALSE,,,,
3.274562803,-0.062051623,0.012522138,-0.781645347,24.23887322,-24.87223081,0.188618954,,-23.73887322,FALSE,TRUE,,,,TRUE,TRUE,TRUE,TRUE,TRUE,TRUE,,FALSE,FALSE,FALSE,,,FALSE,TRUE,,TRUE,TRUE,TRUE,TRUE,,FALSE,,,,
3.263841953,-0.062890376,0.01147629,-0.775679535,25.38055623,-26.04242957,0.188774275,,-24.88055623,FALSE,TRUE,,,,TRUE,TRUE,TRUE,TRUE,TRUE,TRUE,,FALSE,FALSE,FALSE,,,FALSE,TRUE,,TRUE,TRUE,TRUE,TRUE,,FALSE,,,,
3.253773399,-0.063691869,0.010396569,-0.770245473,26.52488368,-27.20276295,0.188927781,,-26.02488368,FALSE,TRUE,,,,TRUE,TRUE,TRUE,TRUE,TRUE,TRUE,,FALSE,FALSE,FALSE,,,FALSE,TRUE,,TRUE,TRUE,TRUE,TRUE,,FALSE,,,,
3.244420997,-0.064449967,0.00929955,-0.765355508,27.67142107,-28.35407989,0.189077626,,-27.17142107,FALSE,TRUE,,,,TRUE,TRUE,TRUE,TRUE,TRUE,TRUE,,FALSE,FALSE,FALSE,,,FALSE,TRUE,,TRUE,TRUE,TRUE,TRUE,,FALSE,,,,
3.235835254,-0.065159403,0.008201211,-0.761013888,28.81976526,-29.49725651,0.189222234,,-28.31976526,FALSE,TRUE,,,,TRUE,TRUE,TRUE,TRUE,TRUE,TRUE,,FALSE,FALSE,FALSE,,,FALSE,TRUE,,TRUE,TRUE,TRUE,TRUE,,FALSE,,,,
3.228052921,-0.065815857,0.007116609,-0.757217146,29.96954698,-30.63318198,0.189360296,,-29.46954698,FALSE,TRUE,,,,TRUE,TRUE,TRUE,TRUE,TRUE,TRUE,,FALSE,FALSE,FALSE,,,FALSE,TRUE,,TRUE,TRUE,TRUE,TRUE,,FALSE,,,,
3.221096854,-0.066416007,0.006059586,-0.753954637,31.12043219,-31.762745,0.189490763,,-30.62043219,FALSE,TRUE,,,,TRUE,TRUE,TRUE,TRUE,TRUE,TRUE,,FALSE,FALSE,FALSE,,,FALSE,TRUE,,TRUE,TRUE,TRUE,TRUE,,FALSE,,,,
3.214976202,-0.066957565,0.005042507,-0.751209211,32.27212247,-32.88682121,0.189612836,,-31.77212247,FALSE,TRUE,,,,TRUE,TRUE,TRUE,TRUE,TRUE,TRUE,,FALSE,FALSE,FALSE,,,FALSE,TRUE,,TRUE,TRUE,TRUE,TRUE,,FALSE,,,,
3.209686952,-0.067439273,0.004076065,-0.748958002,33.42435445,-34.00626182,0.189725945,,-32.92435445,FALSE,TRUE,,,,TRUE,TRUE,TRUE,TRUE,TRUE,TRUE,,FALSE,FALSE,FALSE,,,FALSE,TRUE,,TRUE,TRUE,TRUE,TRUE,,FALSE,,,,
3.205212789,-0.067860883,0.003169138,-0.747173296,34.57689861,-35.12188346,0.189829733,,-34.07689861,FALSE,TRUE,,,,TRUE,TRUE,TRUE,TRUE,TRUE,TRUE,,FALSE,FALSE,FALSE,,,FALSE,TRUE,,TRUE,TRUE,TRUE,TRUE,,FALSE,,,,
3.201526261,-0.068223096,0.002328717,-0.745823459,35.72955744,-36.23445965,0.189924033,,-35.22955744,FALSE,TRUE,,,,TRUE,TRUE,TRUE,TRUE,TRUE,TRUE,,FALSE,FALSE,FALSE,,,FALSE,TRUE,,TRUE,TRUE,FALSE,TRUE,,FALSE,,,,
3.198590179,-0.06852749,0.001559898,-0.744873878,36.88216331,-37.34471374,0.190008848,,-36.38216331,FALSE,TRUE,,,,TRUE,TRUE,TRUE,TRUE,FALSE,FALSE,,FALSE,FALSE,FALSE,,,FALSE,TRUE,,TRUE,TRUE,FALSE,FALSE,,FALSE,,,,
3.196359187,-0.068776411,0.00086593,-0.744287892,38.03457602,-38.45331353,0.190084324,,-37.53457602,FALSE,TRUE,,,,TRUE,TRUE,TRUE,TRUE,FALSE,FALSE,,FALSE,FALSE,FALSE,,,FALSE,TRUE,,TRUE,TRUE,FALSE,FALSE,,FALSE,,,,
3.194781445,-0.068972868,0.000248314,-0.744027691,39.18668029,-39.56086744,0.190150732,,-38.68668029,FALSE,TRUE,,,,TRUE,TRUE,TRUE,TRUE,FALSE,FALSE,,FALSE,FALSE,FALSE,,,FALSE,TRUE,,TRUE,TRUE,FALSE,FALSE,,FALSE,,,,
3.193800333,-0.069120407,-0.000293075,-0.744055152,40.33838317,-40.66792224,0.190208441,,-39.83838317,FALSE,TRUE,,,,TRUE,TRUE,TRUE,TRUE,FALSE,FALSE,,FALSE,FALSE,FALSE,,,FALSE,TRUE,,TRUE,TRUE,FALSE,FALSE,,FALSE,,,,
3.19335615,-0.069222986,-0.00075982,-0.744332608,41.48961154,-41.77496219,0.190257901,,-40.98961154,FALSE,TRUE,,,,TRUE,TRUE,TRUE,TRUE,FALSE,FALSE,,FALSE,FALSE,FALSE,,,FALSE,TRUE,,TRUE,TRUE,FALSE,FALSE,,FALSE,,,,
0.969114577,-0.292512056,-0.268122242,-0.068005878,0.482645864,2.411512531,0.19,,0.017354136,TRUE,TRUE,TRUE,,,TRUE,FALSE,,TRUE,FALSE,FALSE,,TRUE,FALSE,FALSE,,,TRUE,TRUE,,FALSE,TRUE,FALSE,FALSE,,TRUE,,,,
1.182395975,-0.537869316,-0.321822683,-0.224654215,0.97149267,2.125224452,0.193,,-0.47149267,TRUE,TRUE,TRUE,,,TRUE,FALSE,,TRUE,FALSE,FALSE,,TRUE,TRUE,TRUE,,,TRUE,TRUE,,FALSE,TRUE,FALSE,FALSE,,TRUE,,,,
1.611150042,-0.605783572,-0.209993008,-0.362653016,1.544051204,1.636982742,0.193,,-1.044051204,TRUE,TRUE,TRUE,,,TRUE,FALSE,,TRUE,FALSE,FALSE,,TRUE,TRUE,TRUE,,,TRUE,TRUE,,FALSE,TRUE,FALSE,FALSE,,TRUE,,,,
2.044447398,-0.387628022,-0.327823328,-0.4706269,2.285867682,1.029448819,0.193,,-1.785867682,TRUE,TRUE,TRUE,,,TRUE,FALSE,,TRUE,FALSE,FALSE,,TRUE,TRUE,TRUE,,,TRUE,TRUE,,FALSE,TRUE,FALSE,FALSE,,TRUE,,,,
2.343717276,-0.213352048,-0.353560391,-0.65952761,3.133896966,0.320501572,0.193,,-2.633896966,TRUE,TRUE,TRUE,,,TRUE,FALSE,,TRUE,FALSE,FALSE,,TRUE,FALSE,FALSE,,,TRUE,TRUE,,FALSE,TRUE,FALSE,FALSE,,TRUE,,,,
2.66898686,-0.137818115,-0.214461891,-0.801105471,4.003319698,-0.585726651,0.193,,-3.503319698,TRUE,TRUE,TRUE,,,FALSE,TRUE,,TRUE,FALSE,FALSE,,TRUE,FALSE,FALSE,,,TRUE,TRUE,,FALSE,FALSE,TRUE,FALSE,,TRUE,,,,
2.952324496,-0.092885248,-0.100343117,-0.876926216,4.896340538,-1.675974942,0.190387675,,-4.396340538,TRUE,TRUE,TRUE,,,FALSE,TRUE,,TRUE,FALSE,FALSE,,FALSE,FALSE,FALSE,,,TRUE,TRUE,,FALSE,FALSE,TRUE,FALSE,,TRUE,,,,
3.155670055,-0.068123503,-0.031650533,-0.907633868,5.822493965,-2.89499769,0.187894584,,-5.322493965,TRUE,TRUE,TRUE,,,FALSE,TRUE,,TRUE,TRUE,TRUE,,FALSE,FALSE,FALSE,,,TRUE,TRUE,,FALSE,FALSE,TRUE,TRUE,,TRUE,,,,
3.283629536,-0.056861075,-0.000356315,-0.914474625,6.784802185,-4.189341894,0.187346291,,-6.284802185,TRUE,TRUE,TRUE,,,FALSE,TRUE,,TRUE,TRUE,TRUE,,FALSE,FALSE,FALSE,,,TRUE,TRUE,,FALSE,FALSE,TRUE,TRUE,,TRUE,,,,
3.356444042,-0.052553497,0.011489143,-0.911213316,7.778892297,-5.521381354,0.187465393,,-7.278892297,TRUE,TRUE,TRUE,,,FALSE,TRUE,,TRUE,TRUE,TRUE,,FALSE,FALSE,FALSE,,,TRUE,TRUE,,FALSE,FALSE,TRUE,TRUE,,TRUE,,,,
3.393823729,-0.051286338,0.015289407,-0.904351007,8.797674522,-6.868397277,0.187611919,,-8.297674522,TRUE,TRUE,TRUE,,,FALSE,TRUE,,TRUE,TRUE,TRUE,,FALSE,FALSE,FALSE,,,FALSE,TRUE,,TRUE,FALSE,TRUE,TRUE,,FALSE,,,,
3.410017389,-0.051196864,0.016447752,-0.896362735,9.834828461,-8.217643744,0.1876461,,-9.334828461,TRUE,TRUE,TRUE,,,FALSE,TRUE,,TRUE,TRUE,TRUE,,FALSE,FALSE,FALSE,,,FALSE,TRUE,,TRUE,FALSE,TRUE,TRUE,,FALSE,,,,
3.413995098,-0.051541221,0.016947026,-0.887993353,10.88594071,-9.562091821,0.187609261,,-10.38594071,TRUE,TRUE,TRUE,,,FALSE,TRUE,,TRUE,TRUE,TRUE,,FALSE,FALSE,FALSE,,,FALSE,TRUE,,TRUE,FALSE,TRUE,TRUE,,FALSE,,,,
3.410995477,-0.05206449,0.017317965,-0.879415397,11.94829306,-10.89778652,0.187558944,,-11.44829306,TRUE,TRUE,TRUE,,,FALSE,TRUE,,TRUE,TRUE,TRUE,,FALSE,FALSE,FALSE,,,FALSE,TRUE,,TRUE,FALSE,TRUE,TRUE,,FALSE,,,,
3.403966585,-0.052688113,0.017623781,-0.870672542,13.02028877,-12.22242077,0.18752655,,-12.52028877,TRUE,TRUE,TRUE,,,FALSE,TRUE,,TRUE,TRUE,TRUE,,FALSE,FALSE,FALSE,,,FALSE,TRUE,,TRUE,FALSE,TRUE,TRUE,,FALSE,,,,
3.394553698,-0.053386318,0.017828862,-0.861806422,14.10096219,-13.53460632,0.187522781,,-13.60096219,TRUE,TRUE,TRUE,,,FALSE,TRUE,,TRUE,TRUE,TRUE,,FALSE,FALSE,FALSE,,,FALSE,TRUE,,TRUE,FALSE,TRUE,TRUE,,FALSE,,,,
3.383691142,-0.054146112,0.017900351,-0.852876208,15.18966236,-14.83350311,0.187548717,,-14.68966236,FALSE,TRUE,,,,FALSE,TRUE,,TRUE,TRUE,TRUE,,FALSE,FALSE,FALSE,,,FALSE,TRUE,,TRUE,FALSE,TRUE,TRUE,,FALSE,,,,
3.371932893,-0.054956885,0.017822769,-0.843952732,16.28587528,-16.11862737,0.187602055,,-15.78587528,FALSE,TRUE,,,,FALSE,TRUE,,TRUE,TRUE,TRUE,,FALSE,FALSE,FALSE,,,FALSE,TRUE,,TRUE,FALSE,TRUE,TRUE,,FALSE,,,,
3.359630755,-0.055808425,0.01759332,-0.835111034,17.38913283,-17.38974936,0.18767957,,-16.88913283,FALSE,TRUE,,,,FALSE,TRUE,,TRUE,TRUE,TRUE,,FALSE,FALSE,FALSE,,,FALSE,TRUE,,TRUE,FALSE,TRUE,TRUE,,FALSE,,,,
3.347028734,-0.056690737,0.017216562,-0.826425506,18.4989702,-18.64683656,0.187777862,,-17.9989702,FALSE,TRUE,,,,FALSE,TRUE,,TRUE,TRUE,TRUE,,FALSE,FALSE,FALSE,,,FALSE,TRUE,,TRUE,FALSE,TRUE,TRUE,,FALSE,,,,
3.334312555,-0.057594056,0.016701279,-0.817967107,19.61490921,-19.89002015,0.187893555,,-19.11490921,FALSE,TRUE,,,,FALSE,TRUE,,TRUE,TRUE,TRUE,,FALSE,FALSE,FALSE,,,FALSE,TRUE,,TRUE,FALSE,TRUE,TRUE,,FALSE,,,,
3.321635303,-0.058508859,0.016058922,-0.809801687,20.7364551,-21.11957305,0.188023354,,-20.2364551,FALSE,TRUE,,,,FALSE,TRUE,,TRUE,TRUE,TRUE,,FALSE,FALSE,FALSE,,,FALSE,TRUE,,TRUE,FALSE,TRUE,TRUE,,FALSE,,,,
3.309130356,-0.059425878,0.015302819,-0.801988882,21.86310017,-22.3358935,0.188164084,,-21.36310017,FALSE,TRUE,,,,FALSE,TRUE,,TRUE,TRUE,TRUE,,FALSE,FALSE,FALSE,,,FALSE,TRUE,,TRUE,FALSE,TRUE,TRUE,,FALSE,,,,
3.296917502,-0.060336146,0.014447701,-0.794581312,22.99433046,-23.53949082,0.188312724,,-22.49433046,FALSE,TRUE,,,,TRUE,TRUE,TRUE,TRUE,TRUE,TRUE,,FALSE,FALSE,FALSE,,,FALSE,TRUE,,TRUE,FALSE,TRUE,TRUE,,FALSE,,,,
3.285105428,-0.061231064,0.013509348,-0.787623976,24.12963371,-24.73097185,0.188466446,,-23.62963371,FALSE,TRUE,,,,TRUE,TRUE,TRUE,TRUE,TRUE,TRUE,,FALSE,FALSE,FALSE,,,FALSE,TRUE,,TRUE,FALSE,TRUE,TRUE,,FALSE,,,,
3.273792283,-0.062102496,0.012504261,-0.781153824,25.2685072,-25.91102726,0.188622641,,-24.7685072,FALSE,TRUE,,,,TRUE,TRUE,TRUE,TRUE,TRUE,TRUE,,FALSE,FALSE,FALSE,,,FALSE,TRUE,,TRUE,TRUE,TRUE,TRUE,,FALSE,,,,
3.263065302,-0.062942875,0.011449333,-0.775199484,26.41046503,-27.08041749,0.188778942,,-25.91046503,FALSE,TRUE,,,,TRUE,TRUE,TRUE,TRUE,TRUE,TRUE,,FALSE,FALSE,FALSE,,,FALSE,TRUE,,TRUE,TRUE,TRUE,TRUE,,FALSE,,,,
3.25300002,-0.063745307,0.010361514,-0.769781152,27.55504433,-28.23995833,0.188933244,,-27.05504433,FALSE,TRUE,,,,TRUE,TRUE,TRUE,TRUE,TRUE,TRUE,,FALSE,FALSE,FALSE,,,FALSE,TRUE,,TRUE,TRUE,TRUE,TRUE,,FALSE,,,,
3.243659413,-0.064503683,0.009257468,-0.764910663,28.70181023,-29.39050631,0.189083711,,-28.20181023,FALSE,TRUE,,,,TRUE,TRUE,TRUE,TRUE,TRUE,TRUE,,FALSE,FALSE,FALSE,,,FALSE,TRUE,,TRUE,TRUE,TRUE,TRUE,,FALSE,,,,
3.235093171,-0.06521277,0.008153232,-0.760591714,29.85035967,-30.53294419,0.189228778,,-29.35035967,FALSE,TRUE,,,,TRUE,TRUE,TRUE,TRUE,TRUE,TRUE,,FALSE,FALSE,FALSE,,,FALSE,TRUE,,TRUE,TRUE,TRUE,TRUE,,FALSE,,,,
3.227337207,-0.065868288,0.007063893,-0.756820268,31.0003238,-31.66816679,0.18936715,,-30.5003238,FALSE,TRUE,,,,TRUE,TRUE,TRUE,TRUE,TRUE,TRUE,,FALSE,FALSE,FALSE,,,FALSE,TRUE,,TRUE,TRUE,TRUE,TRUE,,FALSE,,,,
3.220413498,-0.066466965,0.00600329,-0.753585102,32.15136938,-32.79706747,0.189497793,,-31.65136938,FALSE,TRUE,,,,TRUE,TRUE,TRUE,TRUE,TRUE,TRUE,,FALSE,FALSE,FALSE,,,FALSE,TRUE,,TRUE,TRUE,TRUE,TRUE,,FALSE,,,,
3.21433027,-0.067006571,0.004983765,-0.750868496,33.30319901,-33.92052558,0.189619922,,-32.80319901,FALSE,TRUE,,,,TRUE,TRUE,TRUE,TRUE,TRUE,TRUE,,FALSE,FALSE,FALSE,,,FALSE,TRUE,,TRUE,TRUE,TRUE,TRUE,,FALSE,,,,
3.209082551,-0.067485915,0.004015961,-0.748647031,34.45555058,-35.03939502,0.189732981,,-33.95555058,FALSE,TRUE,,,,TRUE,TRUE,TRUE,TRUE,TRUE,TRUE,,FALSE,FALSE,FALSE,,,FALSE,TRUE,,TRUE,TRUE,TRUE,TRUE,,FALSE,,,,
3.204653057,-0.067904815,0.003108683,-0.746892472,35.60819595,-36.15449419,0.189836629,,-35.10819595,FALSE,TRUE,,,,TRUE,TRUE,TRUE,TRUE,TRUE,TRUE,,FALSE,FALSE,FALSE,,,FALSE,TRUE,,TRUE,TRUE,FALSE,TRUE,,FALSE,,,,
3.201013374,-0.068264046,0.002268833,-0.745572704,36.76093907,-37.2665975,0.189930713,,-36.26093907,FALSE,TRUE,,,,TRUE,TRUE,TRUE,TRUE,TRUE,TRUE,,FALSE,FALSE,FALSE,,,FALSE,TRUE,,TRUE,TRUE,FALSE,TRUE,,FALSE,,,,
3.198125387,-0.068565256,0.001501402,-0.744652683,37.91361382,-38.37642835,0.19001525,,-37.41361382,FALSE,TRUE,,,,TRUE,TRUE,TRUE,TRUE,FALSE,FALSE,,FALSE,FALSE,FALSE,,,FALSE,TRUE,,TRUE,TRUE,FALSE,FALSE,,FALSE,,,,
3.195942872,-0.068810863,0.000809529,-0.74409537,39.0660815,-39.48465387,0.190090401,,-38.5660815,FALSE,TRUE,,,,TRUE,TRUE,TRUE,TRUE,FALSE,FALSE,,FALSE,FALSE,FALSE,,,FALSE,TRUE,,TRUE,TRUE,FALSE,FALSE,,FALSE,,,,
3.194413188,-0.069003942,0.000194593,-0.743862635,40.21822826,-40.59188115,0.190156447,,-39.71822826,FALSE,TRUE,,,,TRUE,TRUE,TRUE,TRUE,FALSE,FALSE,,FALSE,FALSE,FALSE,,,FALSE,TRUE,,TRUE,TRUE,FALSE,FALSE,,FALSE,,,,
3.193479013,-0.0691481,-0.000343654,-0.743916094,41.36996257,-41.69865507,0.190213769,,-40.86996257,FALSE,TRUE,,,,TRUE,TRUE,TRUE,TRUE,FALSE,FALSE,,FALSE,FALSE,FALSE,,,FALSE,TRUE,,TRUE,TRUE,FALSE,FALSE,,FALSE,,,,
0.969114577,-0.292512056,-0.268122242,-0.068005878,0.482645864,2.768655389,0.19,,0.017354136,TRUE,TRUE,TRUE,,,TRUE,FALSE,,TRUE,FALSE,FALSE,,TRUE,FALSE,FALSE,,,TRUE,TRUE,,FALSE,TRUE,FALSE,FALSE,,TRUE,,,,
1.182395975,-0.537869316,-0.321822683,-0.224654215,0.97149267,2.482367309,0.193,,-0.47149267,TRUE,TRUE,TRUE,,,TRUE,FALSE,,TRUE,FALSE,FALSE,,TRUE,TRUE,TRUE,,,TRUE,TRUE,,FALSE,TRUE,FALSE,FALSE,,TRUE,,,,
1.611150042,-0.605783572,-0.209993008,-0.362653016,1.544051204,1.994125599,0.193,,-1.044051204,TRUE,TRUE,TRUE,,,TRUE,FALSE,,TRUE,FALSE,FALSE,,TRUE,TRUE,TRUE,,,TRUE,TRUE,,FALSE,TRUE,FALSE,FALSE,,TRUE,,,,
2.044447398,-0.387628023,-0.327823328,-0.4706269,2.285867682,1.386591677,0.193,,-1.785867682,TRUE,TRUE,TRUE,,,TRUE,FALSE,,TRUE,FALSE,FALSE,,TRUE,TRUE,TRUE,,,TRUE,TRUE,,FALSE,TRUE,FALSE,FALSE,,TRUE,,,,
2.343717276,-0.213352048,-0.353560391,-0.659527609,3.133896966,0.67764443,0.193,,-2.633896966,TRUE,TRUE,TRUE,,,TRUE,FALSE,,TRUE,FALSE,FALSE,,TRUE,FALSE,FALSE,,,TRUE,TRUE,,FALSE,TRUE,FALSE,FALSE,,TRUE,,,,
2.668986859,-0.137818115,-0.214461891,-0.801105471,4.003319698,-0.228583793,0.193,,-3.503319698,TRUE,TRUE,TRUE,,,FALSE,TRUE,,TRUE,FALSE,FALSE,,TRUE,FALSE,FALSE,,,TRUE,TRUE,,FALSE,FALSE,TRUE,FALSE,,TRUE,,,,
2.952491166,-0.093422774,-0.103243008,-0.877780094,4.895890173,-1.319218474,0.190879512,,-4.395890173,TRUE,TRUE,TRUE,,,FALSE,TRUE,,TRUE,FALSE,FALSE,,FALSE,FALSE,FALSE,,,TRUE,TRUE,,FALSE,FALSE,TRUE,FALSE,,TRUE,,,,
3.156796803,-0.068688517,-0.035053737,-0.910113745,5.819974874,-2.540179357,0.188354206,,-5.319974874,TRUE,TRUE,TRUE,,,FALSE,TRUE,,TRUE,TRUE,TRUE,,FALSE,FALSE,FALSE,,,TRUE,TRUE,,FALSE,FALSE,TRUE,TRUE,,TRUE,,,,
3.286272696,-0.057184752,-0.003195303,-0.918508393,6.77841385,-3.838550721,0.187700475,,-6.27841385,TRUE,TRUE,TRUE,,,FALSE,TRUE,,TRUE,TRUE,TRUE,,FALSE,FALSE,FALSE,,,TRUE,TRUE,,FALSE,FALSE,TRUE,TRUE,,TRUE,,,,
3.360742322,-0.05261607,0.009341059,-0.916475963,7.767241588,-5.176663345,0.187731607,,-7.267241588,TRUE,TRUE,TRUE,,,FALSE,TRUE,,TRUE,TRUE,TRUE,,FALSE,FALSE,FALSE,,,TRUE,TRUE,,FALSE,FALSE,TRUE,TRUE,,TRUE,,,,
3.399667773,-0.051141243,0.013678844,-0.910534997,8.779840345,-6.531510062,0.187817422,,-8.279840345,TRUE,TRUE,TRUE,,,FALSE,TRUE,,TRUE,TRUE,TRUE,,FALSE,FALSE,FALSE,,,TRUE,TRUE,,FALSE,FALSE,TRUE,TRUE,,TRUE,,,,
3.417208719,-0.05089925,0.015208305,-0.903245411,9.810239768,-7.890023616,0.187805869,,-9.310239768,TRUE,TRUE,TRUE,,,FALSE,TRUE,,TRUE,TRUE,TRUE,,FALSE,FALSE,FALSE,,,FALSE,TRUE,,TRUE,FALSE,TRUE,TRUE,,FALSE,,,,
3.422331645,-0.051127259,0.015979509,-0.895417373,10.85425441,-9.244901645,0.187729313,,-10.35425441,TRUE,TRUE,TRUE,,,FALSE,TRUE,,TRUE,TRUE,TRUE,,FALSE,FALSE,FALSE,,,FALSE,TRUE,,TRUE,FALSE,TRUE,TRUE,,FALSE,,,,
3.420298912,-0.051555769,0.016574789,-0.88725854,11.90932416,-10.5919667,0.187641566,,-11.40932416,TRUE,TRUE,TRUE,,,FALSE,TRUE,,TRUE,TRUE,TRUE,,FALSE,FALSE,FALSE,,,FALSE,TRUE,,TRUE,FALSE,TRUE,TRUE,,FALSE,,,,
3.414082565,-0.052098793,0.017082787,-0.878829153,12.97397713,-11.9287239,0.187573675,,-12.47397713,TRUE,TRUE,TRUE,,,FALSE,TRUE,,TRUE,TRUE,TRUE,,FALSE,FALSE,FALSE,,,FALSE,TRUE,,TRUE,FALSE,TRUE,TRUE,,FALSE,,,,
3.405344559,-0.052727472,0.017477689,-0.870179138,14.04735532,-13.25361759,0.18753682,,-13.54735532,TRUE,TRUE,TRUE,,,FALSE,TRUE,,TRUE,TRUE,TRUE,,FALSE,FALSE,FALSE,,,FALSE,TRUE,,TRUE,FALSE,TRUE,TRUE,,FALSE,,,,
3.395028968,-0.053427664,0.017729595,-0.861373012,15.12890325,-14.56565225,0.187532501,,-14.62890325,TRUE,TRUE,TRUE,,,FALSE,TRUE,,TRUE,TRUE,TRUE,,FALSE,FALSE,FALSE,,,FALSE,TRUE,,TRUE,FALSE,TRUE,TRUE,,FALSE,,,,
3.383694884,-0.054188334,0.017823435,-0.852486193,16.21819098,-15.86419635,0.187558666,,-15.71819098,FALSE,TRUE,,,,FALSE,TRUE,,TRUE,TRUE,TRUE,,FALSE,FALSE,FALSE,,,FALSE,TRUE,,TRUE,FALSE,TRUE,TRUE,,FALSE,,,,
3.371696686,-0.054999105,0.017755922,-0.843598354,17.31482269,-17.14887825,0.187612211,,-16.81482269,FALSE,TRUE,,,,FALSE,TRUE,,TRUE,TRUE,TRUE,,FALSE,FALSE,FALSE,,,FALSE,TRUE,,TRUE,FALSE,TRUE,TRUE,,FALSE,,,,
3.359279918,-0.055849889,0.017530754,-0.83478886,18.4183938,-18.41952919,0.187689783,,-17.9183938,FALSE,TRUE,,,,FALSE,TRUE,,TRUE,TRUE,TRUE,,FALSE,FALSE,FALSE,,,FALSE,TRUE,,TRUE,FALSE,TRUE,TRUE,,FALSE,,,,
3.346631789,-0.056730843,0.017155688,-0.826134107,19.52847414,-19.67615018,0.187787993,,-19.02847414,FALSE,TRUE,,,,FALSE,TRUE,,TRUE,TRUE,TRUE,,FALSE,FALSE,FALSE,,,FALSE,TRUE,,TRUE,FALSE,TRUE,TRUE,,FALSE,,,,
3.333907485,-0.057632346,0.016641078,-0.817705914,20.64460492,-20.91889108,0.187903488,,-20.14460492,FALSE,TRUE,,,,FALSE,TRUE,,TRUE,TRUE,TRUE,,FALSE,FALSE,FALSE,,,FALSE,TRUE,,TRUE,FALSE,TRUE,TRUE,,FALSE,,,,
3.321243528,-0.058544979,0.015999168,-0.809570421,21.76630274,-22.14803534,0.188032988,,-21.26630274,FALSE,TRUE,,,,FALSE,TRUE,,TRUE,TRUE,TRUE,,FALSE,FALSE,FALSE,,,FALSE,TRUE,,TRUE,FALSE,TRUE,TRUE,,FALSE,,,,
3.308764188,-0.059459554,0.015243693,-0.801787268,22.89306695,-23.36398708,0.188173333,,-22.39306695,FALSE,TRUE,,,,FALSE,TRUE,,TRUE,TRUE,TRUE,,FALSE,FALSE,FALSE,,,FALSE,TRUE,,TRUE,FALSE,TRUE,TRUE,,FALSE,,,,
3.296584119,-0.060367161,0.014389596,-0.794408927,24.02438846,-24.56725879,0.188321514,,-23.52438846,FALSE,TRUE,,,,TRUE,TRUE,TRUE,TRUE,TRUE,TRUE,,FALSE,FALSE,FALSE,,,FALSE,TRUE,,TRUE,FALSE,TRUE,TRUE,,FALSE,,,,
3.284808994,-0.061259251,0.01345275,-0.787480176,25.1597587,-25.75845875,0.188474717,,-24.6597587,FALSE,TRUE,,,,TRUE,TRUE,TRUE,TRUE,TRUE,TRUE,,FALSE,FALSE,FALSE,,,FALSE,TRUE,,TRUE,FALSE,TRUE,TRUE,,FALSE,,,,
3.27353508,-0.062127734,0.012449685,-0.781037716,26.29867801,-26.93827789,0.188630346,,-25.79867801,FALSE,TRUE,,,,TRUE,TRUE,TRUE,TRUE,TRUE,TRUE,,FALSE,FALSE,FALSE,,,FALSE,TRUE,,TRUE,TRUE,TRUE,TRUE,,FALSE,,,,
3.262848338,-0.062965083,0.011397283,-0.77510992,27.44066324,-28.10747602,0.188786047,,-26.94066324,FALSE,TRUE,,,,TRUE,TRUE,TRUE,TRUE,TRUE,TRUE,,FALSE,FALSE,FALSE,,,FALSE,TRUE,,TRUE,TRUE,TRUE,TRUE,,FALSE,,,,
3.252823361,-0.063764451,0.010312454,-0.769716745,28.58525401,-29.26686761,0.188939728,,-28.08525401,FALSE,TRUE,,,,TRUE,TRUE,TRUE,TRUE,TRUE,TRUE,,FALSE,FALSE,FALSE,,,FALSE,TRUE,,TRUE,TRUE,TRUE,TRUE,,FALSE,,,,
3.243522379,-0.064519768,0.009211805,-0.76486981,29.73201781,-30.41730731,0.189089563,,-29.23201781,FALSE,TRUE,,,,TRUE,TRUE,TRUE,TRUE,TRUE,TRUE,,FALSE,FALSE,FALSE,,,FALSE,TRUE,,TRUE,TRUE,TRUE,TRUE,,FALSE,,,,
3.234994458,-0.065225844,0.008111301,-0.760572629,30.88055374,-31.55967552,0.189233999,,-30.38055374,FALSE,TRUE,,,,TRUE,TRUE,TRUE,TRUE,TRUE,TRUE,,FALSE,FALSE,FALSE,,,FALSE,TRUE,,TRUE,TRUE,TRUE,TRUE,,FALSE,,,,
3.227274981,-0.065878436,0.007025949,-0.756821018,32.03049499,-32.69486434,0.18937175,,-31.53049499,FALSE,TRUE,,,,TRUE,TRUE,TRUE,TRUE,TRUE,TRUE,,FALSE,FALSE,FALSE,,,FALSE,TRUE,,TRUE,TRUE,TRUE,TRUE,,FALSE,,,,
3.220385475,-0.066474313,0.005969508,-0.753603651,33.18151016,-33.8237641,0.189501789,,-32.68151016,FALSE,TRUE,,,,TRUE,TRUE,TRUE,TRUE,TRUE,TRUE,,FALSE,FALSE,FALSE,,,FALSE,TRUE,,TRUE,TRUE,TRUE,TRUE,,FALSE,,,,
3.2143338,-0.067011275,0.004954234,-0.750902741,34.33330353,-34.94725089,0.189623339,,-33.83330353,FALSE,TRUE,,,,TRUE,TRUE,TRUE,TRUE,TRUE,TRUE,,FALSE,FALSE,FALSE,,,FALSE,TRUE,,TRUE,TRUE,TRUE,TRUE,,FALSE,,,,
3.209114693,-0.067488159,0.003990687,-0.748694848,35.48561446,-36.06617522,0.189735849,,-34.98561446,FALSE,TRUE,,,,TRUE,TRUE,TRUE,TRUE,TRUE,TRUE,,FALSE,FALSE,FALSE,,,FALSE,TRUE,,TRUE,TRUE,TRUE,TRUE,,FALSE,,,,
3.204710664,-0.06790481,0.003087597,-0.746951755,36.6382161,-37.18135206,0.189838983,,-36.1382161,FALSE,TRUE,,,,TRUE,TRUE,TRUE,TRUE,TRUE,TRUE,,FALSE,FALSE,FALSE,,,FALSE,TRUE,,TRUE,TRUE,FALSE,TRUE,,FALSE,,,,
3.201093174,-0.068262018,0.002251796,-0.7456414,37.79091357,-38.29355234,0.18993259,,-37.29091357,FALSE,TRUE,,,,TRUE,TRUE,TRUE,TRUE,TRUE,TRUE,,FALSE,FALSE,FALSE,,,FALSE,TRUE,,TRUE,TRUE,FALSE,TRUE,,FALSE,,,,
3.19822406,-0.068561442,0.001488215,-0.744728823,38.94354167,-39.40349611,0.19001669,,-38.44354167,FALSE,TRUE,,,,TRUE,TRUE,TRUE,TRUE,FALSE,FALSE,,FALSE,FALSE,FALSE,,,FALSE,TRUE,,TRUE,TRUE,FALSE,FALSE,,FALSE,,,,
3.196057122,-0.068805508,0.000799943,-0.7441771,40.09596252,-40.51184722,0.190091444,,-39.59596252,FALSE,TRUE,,,,TRUE,TRUE,TRUE,TRUE,FALSE,FALSE,,FALSE,FALSE,FALSE,,,FALSE,TRUE,,TRUE,TRUE,FALSE,FALSE,,FALSE,,,,
3.194539816,-0.068997289,0.000188319,-0.743948233,41.24806295,-41.61920969,0.190157134,,-40.74806295,FALSE,TRUE,,,,TRUE,TRUE,TRUE,TRUE,FALSE,FALSE,,FALSE,FALSE,FALSE,,,FALSE,TRUE,,TRUE,TRUE,FALSE,FALSE,,FALSE,,,,
0.969114577,-0.292512056,-0.268122242,-0.068005878,0.482645864,3.125798246,0.19,,0.017354136,TRUE,TRUE,TRUE,,,TRUE,FALSE,,TRUE,FALSE,FALSE,,TRUE,FALSE,FALSE,,,TRUE,TRUE,,FALSE,TRUE,FALSE,FALSE,,TRUE,,,,
1.182395975,-0.537869316,-0.321822683,-0.224654215,0.97149267,2.839510166,0.193,,-0.47149267,TRUE,TRUE,TRUE,,,TRUE,FALSE,,TRUE,FALSE,FALSE,,TRUE,TRUE,TRUE,,,TRUE,TRUE,,FALSE,TRUE,FALSE,FALSE,,TRUE,,,,
1.611150042,-0.605783572,-0.209993008,-0.362653016,1.544051204,2.351268456,0.193,,-1.044051204,TRUE,TRUE,TRUE,,,TRUE,FALSE,,TRUE,FALSE,FALSE,,TRUE,TRUE,TRUE,,,TRUE,TRUE,,FALSE,TRUE,FALSE,FALSE,,TRUE,,,,
2.044447398,-0.387628023,-0.327823328,-0.4706269,2.285867682,1.743734534,0.193,,-1.785867682,TRUE,TRUE,TRUE,,,TRUE,FALSE,,TRUE,FALSE,FALSE,,TRUE,TRUE,TRUE,,,TRUE,TRUE,,FALSE,TRUE,FALSE,FALSE,,TRUE,,,,
2.343717276,-0.213352048,-0.353560391,-0.659527609,3.133896966,1.034787287,0.193,,-2.633896966,TRUE,TRUE,TRUE,,,TRUE,FALSE,,TRUE,FALSE,FALSE,,TRUE,FALSE,FALSE,,,TRUE,TRUE,,FALSE,TRUE,FALSE,FALSE,,TRUE,,,,
2.668986859,-0.137818115,-0.214461891,-0.801105471,4.003319698,0.128559064,0.193,,-3.503319698,TRUE,TRUE,TRUE,,,FALSE,TRUE,,TRUE,FALSE,FALSE,,TRUE,FALSE,FALSE,,,TRUE,TRUE,,FALSE,FALSE,TRUE,FALSE,,TRUE,,,,
2.952656262,-0.093960599,-0.10614213,-0.878632329,4.895440347,-0.962460777,0.191371348,,-4.395440347,TRUE,TRUE,TRUE,,,FALSE,TRUE,,TRUE,FALSE,FALSE,,FALSE,FALSE,FALSE,,,TRUE,TRUE,,FALSE,FALSE,TRUE,FALSE,,TRUE,,,,
3.15791826,-0.06925592,-0.038468595,-0.912594967,5.817451358,-2.185354604,0.188813896,,-5.317451358,TRUE,TRUE,TRUE,,,FALSE,TRUE,,TRUE,TRUE,TRUE,,FALSE,FALSE,FALSE,,,TRUE,TRUE,,FALSE,FALSE,TRUE,TRUE,,TRUE,,,,
3.288905154,-0.057509966,-0.006043889,-0.92254914,6.771995944,-3.487743178,0.188054632,,-6.271995944,TRUE,TRUE,TRUE,,,FALSE,TRUE,,TRUE,TRUE,TRUE,,FALSE,FALSE,FALSE,,,TRUE,TRUE,,FALSE,FALSE,TRUE,TRUE,,TRUE,,,,
3.36502053,-0.052679499,0.007184976,-0.921749942,7.755508666,-4.831912172,0.187997235,,-7.255508666,TRUE,TRUE,TRUE,,,FALSE,TRUE,,TRUE,TRUE,TRUE,,FALSE,FALSE,FALSE,,,TRUE,TRUE,,FALSE,FALSE,TRUE,TRUE,,TRUE,,,,
3.405478632,-0.050995285,0.012069182,-0.916732182,8.761842181,-6.194565287,0.18802185,,-8.261842181,TRUE,TRUE,TRUE,,,FALSE,TRUE,,TRUE,TRUE,TRUE,,FALSE,FALSE,FALSE,,,TRUE,TRUE,,FALSE,FALSE,TRUE,TRUE,,TRUE,,,,
3.42434992,-0.050599406,0.013978413,-0.910138542,9.785381355,-7.562310834,0.187964123,,-9.285381355,TRUE,TRUE,TRUE,,,FALSE,TRUE,,TRUE,TRUE,TRUE,,FALSE,FALSE,FALSE,,,TRUE,TRUE,,FALSE,FALSE,TRUE,TRUE,,TRUE,,,,
3.430597577,-0.050710887,0.015026153,-0.902845831,10.82217468,-8.927569488,0.187847718,,-10.32217468,TRUE,TRUE,TRUE,,,FALSE,TRUE,,TRUE,TRUE,TRUE,,FALSE,FALSE,FALSE,,,FALSE,TRUE,,TRUE,FALSE,TRUE,TRUE,,FALSE,,,,
3.42950903,-0.05104547,0.015846599,-0.895098823,11.86982407,-10.28593962,0.18772258,,-11.36982407,TRUE,TRUE,TRUE,,,FALSE,TRUE,,TRUE,TRUE,TRUE,,FALSE,FALSE,FALSE,,,FALSE,TRUE,,TRUE,FALSE,TRUE,TRUE,,FALSE,,,,
3.424082154,-0.05150932,0.016555126,-0.88697587,12.92698468,-11.63473901,0.187619243,,-12.42698468,TRUE,TRUE,TRUE,,,FALSE,TRUE,,TRUE,TRUE,TRUE,,FALSE,FALSE,FALSE,,,FALSE,TRUE,,TRUE,FALSE,TRUE,TRUE,,FALSE,,,,
3.415997404,-0.052070143,0.017136816,-0.878536123,13.99290766,-12.97224691,0.1875493,,-13.49290766,TRUE,TRUE,TRUE,,,FALSE,TRUE,,TRUE,TRUE,TRUE,,FALSE,FALSE,FALSE,,,FALSE,TRUE,,TRUE,FALSE,TRUE,TRUE,,FALSE,,,,
3.406210101,-0.05271241,0.017565448,-0.869849934,15.06713436,-14.29731583,0.187514663,,-14.56713436,TRUE,TRUE,TRUE,,,FALSE,TRUE,,TRUE,TRUE,TRUE,,FALSE,FALSE,FALSE,,,FALSE,TRUE,,TRUE,FALSE,TRUE,TRUE,,FALSE,,,,
3.395285544,-0.053424521,0.017826839,-0.86099751,16.14932044,-15.60917056,0.18751353,,-15.64932044,TRUE,TRUE,TRUE,,,FALSE,TRUE,,TRUE,TRUE,TRUE,,FALSE,FALSE,FALSE,,,FALSE,TRUE,,TRUE,FALSE,TRUE,TRUE,,FALSE,,,,
3.383581387,-0.054195826,0.017917531,-0.852063159,17.23914432,-16.90730194,0.187542929,,-16.73914432,FALSE,TRUE,,,,FALSE,TRUE,,TRUE,TRUE,TRUE,,FALSE,FALSE,FALSE,,,FALSE,TRUE,,TRUE,FALSE,TRUE,TRUE,,FALSE,,,,
3.371345046,-0.055016085,0.017840606,-0.843131083,18.33626386,-18.19140909,0.187599563,,-17.83626386,FALSE,TRUE,,,,FALSE,TRUE,,TRUE,TRUE,TRUE,,FALSE,FALSE,FALSE,,,FALSE,TRUE,,TRUE,FALSE,TRUE,TRUE,,FALSE,,,,
3.358765251,-0.055875343,0.017602968,-0.834282885,19.44029939,-19.46136665,0.187680042,,-18.94029939,FALSE,TRUE,,,,FALSE,TRUE,,TRUE,TRUE,TRUE,,FALSE,FALSE,FALSE,,,FALSE,TRUE,,TRUE,FALSE,TRUE,TRUE,,FALSE,,,,
3.34599904,-0.05676386,0.017213997,-0.825596037,20.55083075,-20.71720456,0.187780968,,-20.05083075,FALSE,TRUE,,,,FALSE,TRUE,,TRUE,TRUE,TRUE,,FALSE,FALSE,FALSE,,,FALSE,TRUE,,TRUE,FALSE,TRUE,TRUE,,FALSE,,,,
3.333185613,-0.057672075,0.016684929,-0.817142829,21.6674015,-21.95909393,0.187898973,,-21.1674015,FALSE,TRUE,,,,FALSE,TRUE,,TRUE,TRUE,TRUE,,FALSE,FALSE,FALSE,,,FALSE,TRUE,,TRUE,FALSE,TRUE,TRUE,,FALSE,,,,
3.320453058,-0.0585906,0.016028536,-0.808989535,22.78952693,-23.18733529,0.188030764,,-22.28952693,FALSE,TRUE,,,,FALSE,TRUE,,TRUE,TRUE,TRUE,,FALSE,FALSE,FALSE,,,FALSE,TRUE,,TRUE,FALSE,TRUE,TRUE,,FALSE,,,,
3.3079212,-0.059510251,0.015258908,-0.801195707,23.91670358,-24.40234758,0.18817317,,-23.41670358,FALSE,TRUE,,,,FALSE,TRUE,,TRUE,TRUE,TRUE,,FALSE,FALSE,FALSE,,,FALSE,TRUE,,TRUE,FALSE,TRUE,TRUE,,FALSE,,,,
3.295702331,-0.060422116,0.014391243,-0.793813583,25.0484191,-25.60465663,0.188323179,,-24.5484191,FALSE,TRUE,,,,TRUE,TRUE,TRUE,TRUE,TRUE,TRUE,,FALSE,FALSE,FALSE,,,FALSE,TRUE,,TRUE,FALSE,TRUE,TRUE,,FALSE,,,,
3.28390081,-0.061317639,0.013441622,-0.786887597,26.18416187,-26.7948831,0.188477973,,-25.68416187,FALSE,TRUE,,,,TRUE,TRUE,TRUE,TRUE,TRUE,TRUE,,FALSE,FALSE,FALSE,,,FALSE,TRUE,,TRUE,FALSE,TRUE,TRUE,,FALSE,,,,
3.272612073,-0.062188729,0.012426747,-0.780454004,27.32342973,-27.97372936,0.18863496,,-26.82342973,FALSE,TRUE,,,,TRUE,TRUE,TRUE,TRUE,TRUE,TRUE,,FALSE,FALSE,FALSE,,,FALSE,TRUE,,TRUE,TRUE,TRUE,TRUE,,FALSE,,,,
3.261921432,-0.063027868,0.011363638,-0.774540661,28.46573764,-29.14196584,0.188791792,,-27.96573764,FALSE,TRUE,,,,TRUE,TRUE,TRUE,TRUE,TRUE,TRUE,,FALSE,FALSE,FALSE,,,FALSE,TRUE,,TRUE,TRUE,TRUE,TRUE,,FALSE,,,,
3.251902851,-0.06382822,0.010269321,-0.769166946,29.61062402,-30.30041668,0.188946388,,-29.11062402,FALSE,TRUE,,,,TRUE,TRUE,TRUE,TRUE,TRUE,TRUE,,FALSE,FALSE,FALSE,,,FALSE,TRUE,,TRUE,TRUE,TRUE,TRUE,,FALSE,,,,
3.242617864,-0.064583745,0.009160487,-0.764343844,30.75765579,-31.44994524,0.189096932,,-30.25765579,FALSE,TRUE,,,,TRUE,TRUE,TRUE,TRUE,TRUE,TRUE,,FALSE,FALSE,FALSE,,,FALSE,TRUE,,TRUE,TRUE,TRUE,TRUE,,FALSE,,,,
3.234114744,-0.065289289,0.008053158,-0.760074208,31.9064321,-32.59143955,0.189241885,,-31.4064321,FALSE,TRUE,,,,TRUE,TRUE,TRUE,TRUE,TRUE,TRUE,,FALSE,FALSE,FALSE,,,FALSE,TRUE,,TRUE,TRUE,TRUE,TRUE,,FALSE,,,,
3.226427973,-0.065940662,0.006962367,-0.756353169,33.05658665,-33.7257982,0.189379979,,-32.55658665,FALSE,TRUE,,,,TRUE,TRUE,TRUE,TRUE,TRUE,TRUE,,FALSE,FALSE,FALSE,,,FALSE,TRUE,,TRUE,TRUE,TRUE,TRUE,,FALSE,,,,
3.219578082,-0.066534691,0.005901866,-0.753168709,34.20778898,-34.85391691,0.189510203,,-33.70778898,FALSE,TRUE,,,,TRUE,TRUE,TRUE,TRUE,TRUE,TRUE,,FALSE,FALSE,FALSE,,,FALSE,TRUE,,TRUE,TRUE,TRUE,TRUE,,FALSE,,,,
3.21357185,-0.067069248,0.004883876,-0.750502365,35.35974465,-35.97667594,0.189631796,,-34.85974465,FALSE,TRUE,,,,TRUE,TRUE,TRUE,TRUE,TRUE,TRUE,,FALSE,FALSE,FALSE,,,FALSE,TRUE,,TRUE,TRUE,TRUE,TRUE,,FALSE,,,,
3.208402891,-0.067543246,0.003918894,-0.748330043,36.51219454,-37.09492887,0.189744227,,-36.01219454,FALSE,TRUE,,,,TRUE,TRUE,TRUE,TRUE,TRUE,TRUE,,FALSE,FALSE,FALSE,,,FALSE,TRUE,,TRUE,TRUE,TRUE,TRUE,,FALSE,,,,
3.204052566,-0.067956612,0.003015559,-0.746622912,37.66491347,-38.2094926,0.189847177,,-37.16491347,FALSE,TRUE,,,,TRUE,TRUE,TRUE,TRUE,TRUE,TRUE,,FALSE,FALSE,FALSE,,,FALSE,TRUE,,TRUE,TRUE,FALSE,TRUE,,FALSE,,,,
3.200491204,-0.068310224,0.002180595,-0.745348345,38.8177083,-39.32113895,0.189940514,,-38.3177083,FALSE,TRUE,,,,TRUE,TRUE,TRUE,TRUE,TRUE,TRUE,,FALSE,FALSE,FALSE,,,FALSE,TRUE,,TRUE,TRUE,FALSE,TRUE,,FALSE,,,,
3.197679546,-0.068605825,0.001418808,-0.744470875,39.97041565,-40.4305879,0.190024273,,-39.47041565,FALSE,TRUE,,,,TRUE,TRUE,TRUE,TRUE,FALSE,FALSE,,FALSE,FALSE,FALSE,,,FALSE,TRUE,,TRUE,TRUE,FALSE,FALSE,,FALSE,,,,
3.19557037,-0.068845923,0.000733149,-0.743953137,41.1228994,-41.53850238,0.190098629,,-40.6228994,FALSE,TRUE,,,,TRUE,TRUE,TRUE,TRUE,FALSE,FALSE,,FALSE,FALSE,FALSE,,,FALSE,TRUE,,TRUE,TRUE,FALSE,FALSE,,FALSE,,,,
0.969114577,-0.292512056,-0.268122242,-0.068005878,0.482645864,3.482941103,0.19,,0.017354136,TRUE,TRUE,TRUE,,,TRUE,FALSE,,TRUE,FALSE,FALSE,,TRUE,FALSE,FALSE,,,TRUE,TRUE,,FALSE,TRUE,FALSE,FALSE,,TRUE,,,,
1.182395975,-0.537869316,-0.321822683,-0.224654215,0.97149267,3.196653023,0.193,,-0.47149267,TRUE,TRUE,TRUE,,,TRUE,FALSE,,TRUE,FALSE,FALSE,,TRUE,TRUE,TRUE,,,TRUE,TRUE,,FALSE,TRUE,FALSE,FALSE,,TRUE,,,,
1.611150042,-0.605783572,-0.209993008,-0.362653016,1.544051204,2.708411313,0.193,,-1.044051204,TRUE,TRUE,TRUE,,,TRUE,FALSE,,TRUE,FALSE,FALSE,,TRUE,TRUE,TRUE,,,TRUE,TRUE,,FALSE,TRUE,FALSE,FALSE,,TRUE,,,,
2.044447398,-0.387628023,-0.327823328,-0.4706269,2.285867682,2.100877391,0.193,,-1.785867682,TRUE,TRUE,TRUE,,,TRUE,FALSE,,TRUE,FALSE,FALSE,,TRUE,TRUE,TRUE,,,TRUE,TRUE,,FALSE,TRUE,FALSE,FALSE,,TRUE,,,,
2.343717276,-0.213352047,-0.353560391,-0.659527609,3.133896966,1.391930144,0.193,,-2.633896966,TRUE,TRUE,TRUE,,,TRUE,FALSE,,TRUE,FALSE,FALSE,,TRUE,FALSE,FALSE,,,TRUE,TRUE,,FALSE,TRUE,FALSE,FALSE,,TRUE,,,,
2.668986859,-0.137818115,-0.214461891,-0.801105471,4.003319698,0.485701921,0.193,,-3.503319698,TRUE,TRUE,TRUE,,,FALSE,TRUE,,TRUE,FALSE,FALSE,,TRUE,FALSE,FALSE,,,TRUE,TRUE,,FALSE,FALSE,TRUE,FALSE,,TRUE,,,,
2.952819781,-0.094498714,-0.109040421,-0.879482915,4.894991063,-0.60570185,0.191863185,,-4.394991063,TRUE,TRUE,TRUE,,,FALSE,TRUE,,TRUE,FALSE,FALSE,,FALSE,FALSE,FALSE,,,TRUE,TRUE,,FALSE,FALSE,TRUE,FALSE,,TRUE,,,,
3.159034382,-0.069825695,-0.041894984,-0.915077475,5.814923473,-1.830523375,0.189273654,,-5.314923473,TRUE,TRUE,TRUE,,,FALSE,TRUE,,TRUE,TRUE,TRUE,,FALSE,FALSE,FALSE,,,TRUE,TRUE,,FALSE,FALSE,TRUE,TRUE,,TRUE,,,,
3.291526763,-0.057836692,-0.008901903,-0.926596757,6.765548619,-3.13691894,0.188408766,,-6.265548619,TRUE,TRUE,TRUE,,,FALSE,TRUE,,TRUE,TRUE,TRUE,,FALSE,FALSE,FALSE,,,TRUE,TRUE,,FALSE,FALSE,TRUE,TRUE,,TRUE,,,,
3.369278123,-0.052743434,0.005022681,-0.927034247,7.743694374,-4.487126402,0.188262287,,-7.243694374,TRUE,TRUE,TRUE,,,FALSE,TRUE,,TRUE,TRUE,TRUE,,FALSE,FALSE,FALSE,,,TRUE,TRUE,,FALSE,FALSE,TRUE,TRUE,,TRUE,,,,
3.411254984,-0.050848445,0.010460928,-0.922941028,8.743682461,-5.857559002,0.188225263,,-8.243682461,TRUE,TRUE,TRUE,,,FALSE,TRUE,,TRUE,TRUE,TRUE,,FALSE,FALSE,FALSE,,,TRUE,TRUE,,FALSE,FALSE,TRUE,TRUE,,TRUE,,,,
3.431439084,-0.050297491,0.012757874,-0.91704055,9.760257414,-7.234498103,0.188120984,,-9.260257414,TRUE,TRUE,TRUE,,,FALSE,TRUE,,TRUE,TRUE,TRUE,,FALSE,FALSE,FALSE,,,TRUE,TRUE,,FALSE,FALSE,TRUE,TRUE,,TRUE,,,,
3.4387908,-0.050292323,0.014086466,-0.91027733,10.78970747,-8.610084386,0.187964593,,-10.28970747,TRUE,TRUE,TRUE,,,FALSE,TRUE,,TRUE,TRUE,TRUE,,FALSE,FALSE,FALSE,,,TRUE,TRUE,,FALSE,FALSE,TRUE,TRUE,,TRUE,,,,
3.438623934,-0.050533817,0.015132745,-0.902935142,11.82980055,-9.979690641,0.187802103,,-11.32980055,TRUE,TRUE,TRUE,,,FALSE,TRUE,,TRUE,TRUE,TRUE,,FALSE,FALSE,FALSE,,,FALSE,TRUE,,TRUE,FALSE,TRUE,TRUE,,FALSE,,,,
3.433963959,-0.050919899,0.016040037,-0.895111944,12.87932116,-11.34044803,0.187663373,,-12.37932116,TRUE,TRUE,TRUE,,,FALSE,TRUE,,TRUE,TRUE,TRUE,,FALSE,FALSE,FALSE,,,FALSE,TRUE,,TRUE,FALSE,TRUE,TRUE,,FALSE,,,,
3.426511549,-0.051414496,0.016805407,-0.88687703,13.93763101,-12.69047317,0.187560344,,-13.43763101,TRUE,TRUE,TRUE,,,FALSE,TRUE,,TRUE,TRUE,TRUE,,FALSE,FALSE,FALSE,,,FALSE,TRUE,,TRUE,FALSE,TRUE,TRUE,,FALSE,,,,
3.417234687,-0.052000469,0.017407044,-0.878307056,15.00436959,-14.0284702,0.187495322,,-14.50436959,TRUE,TRUE,TRUE,,,FALSE,TRUE,,TRUE,TRUE,TRUE,,FALSE,FALSE,FALSE,,,FALSE,TRUE,,TRUE,FALSE,TRUE,TRUE,,FALSE,,,,
3.406705894,-0.052665497,0.017832122,-0.869487198,16.07927968,-15.35352444,0.187466763,,-15.57927968,TRUE,TRUE,TRUE,,,FALSE,TRUE,,TRUE,TRUE,TRUE,,FALSE,FALSE,FALSE,,,FALSE,TRUE,,TRUE,FALSE,TRUE,TRUE,,FALSE,,,,
3.395286728,-0.053398574,0.018077334,-0.860506382,17.1621157,-16.66499355,0.187471833,,-16.6621157,FALSE,TRUE,,,,FALSE,TRUE,,TRUE,TRUE,TRUE,,FALSE,FALSE,FALSE,,,FALSE,TRUE,,TRUE,FALSE,TRUE,TRUE,,FALSE,,,,
3.383226773,-0.054189245,0.018145373,-0.851453501,18.25260007,-17.96244874,0.187507298,,-17.75260007,FALSE,TRUE,,,,FALSE,TRUE,,TRUE,TRUE,TRUE,,FALSE,FALSE,FALSE,,,FALSE,TRUE,,TRUE,FALSE,TRUE,TRUE,,FALSE,,,,
3.370716262,-0.055027408,0.018042457,-0.842415115,19.35040602,-19.24564203,0.187569786,,-18.85040602,FALSE,TRUE,,,,FALSE,TRUE,,TRUE,TRUE,TRUE,,FALSE,FALSE,FALSE,,,FALSE,TRUE,,TRUE,FALSE,TRUE,TRUE,,FALSE,,,,
3.357913832,-0.055903199,0.017777108,-0.833474039,20.45515455,-20.51448661,0.187655863,,-19.95515455,FALSE,TRUE,,,,FALSE,TRUE,,TRUE,TRUE,TRUE,,FALSE,FALSE,FALSE,,,FALSE,TRUE,,TRUE,FALSE,TRUE,TRUE,,FALSE,,,,
3.344960883,-0.056806919,0.017359622,-0.824708349,21.56641889,-21.76904362,0.187762086,,-21.06641889,FALSE,TRUE,,,,FALSE,TRUE,,TRUE,TRUE,TRUE,,FALSE,FALSE,FALSE,,,FALSE,TRUE,,TRUE,FALSE,TRUE,TRUE,,FALSE,,,,
3.33198867,-0.057729003,0.016801831,-0.81619057,22.68373282,-23.00951164,0.187885048,,-22.18373282,FALSE,TRUE,,,,FALSE,TRUE,,TRUE,TRUE,TRUE,,FALSE,FALSE,FALSE,,,FALSE,TRUE,,TRUE,FALSE,TRUE,TRUE,,FALSE,,,,
3.319121404,-0.058660028,0.016116958,-0.807986954,23.80660093,-24.23621675,0.188021424,,-23.30660093,FALSE,TRUE,,,,FALSE,TRUE,,TRUE,TRUE,TRUE,,FALSE,FALSE,FALSE,,,FALSE,TRUE,,TRUE,FALSE,TRUE,TRUE,,FALSE,,,,
3.306477126,-0.059590769,0.015319477,-0.800156828,24.93450929,-25.44960231,0.188168017,,-24.43450929,FALSE,TRUE,,,,FALSE,TRUE,,TRUE,TRUE,TRUE,,FALSE,FALSE,FALSE,,,FALSE,TRUE,,TRUE,FALSE,TRUE,TRUE,,FALSE,,,,
3.29416736,-0.060512263,0.014424937,-0.792752021,26.06693612,-26.65021785,0.188321797,,-25.56693612,FALSE,TRUE,,,,TRUE,TRUE,TRUE,TRUE,TRUE,TRUE,,FALSE,FALSE,FALSE,,,FALSE,TRUE,,TRUE,FALSE,TRUE,TRUE,,FALSE,,,,
3.282296101,-0.061415917,0.013449746,-0.785816389,27.20336165,-27.83870683,0.188479937,,-26.70336165,FALSE,TRUE,,,,TRUE,TRUE,TRUE,TRUE,TRUE,TRUE,,FALSE,FALSE,FALSE,,,FALSE,TRUE,,TRUE,TRUE,TRUE,TRUE,,FALSE,,,,
3.270958498,-0.062293606,0.012410907,-0.779385459,28.34327708,-29.01579359,0.188639844,,-27.84327708,FALSE,TRUE,,,,TRUE,TRUE,TRUE,TRUE,TRUE,TRUE,,FALSE,FALSE,FALSE,,,FALSE,TRUE,,TRUE,TRUE,TRUE,TRUE,,FALSE,,,,
3.260239453,-0.063137797,0.011325717,-0.773486211,29.48619223,-30.18226934,0.188799176,,-28.98619223,FALSE,TRUE,,,,TRUE,TRUE,TRUE,TRUE,TRUE,TRUE,,FALSE,FALSE,FALSE,,,FALSE,TRUE,,TRUE,TRUE,TRUE,TRUE,,FALSE,,,,
3.2502123,-0.063941664,0.010211442,-0.768137021,30.63164185,-31.33897762,0.18895586,,-30.13164185,FALSE,TRUE,,,,TRUE,TRUE,TRUE,TRUE,TRUE,TRUE,,FALSE,FALSE,FALSE,,,FALSE,TRUE,,TRUE,TRUE,TRUE,TRUE,,FALSE,,,,
3.240937675,-0.064699193,0.00908497,-0.763347763,31.77919059,-32.4867996,0.189108102,,-31.27919059,FALSE,TRUE,,,,TRUE,TRUE,TRUE,TRUE,TRUE,TRUE,,FALSE,FALSE,FALSE,,,FALSE,TRUE,,TRUE,TRUE,TRUE,TRUE,,FALSE,,,,
3.232462661,-0.065405283,0.007962469,-0.759120094,32.92843651,-33.62663932,0.189254383,,-32.42843651,FALSE,TRUE,,,,TRUE,TRUE,TRUE,TRUE,TRUE,TRUE,,FALSE,FALSE,FALSE,,,FALSE,TRUE,,TRUE,TRUE,TRUE,TRUE,,FALSE,,,,
3.224820283,-0.06605582,0.006859065,-0.755447892,34.07901332,-34.75940941,0.189393461,,-33.57901332,FALSE,TRUE,,,,TRUE,TRUE,TRUE,TRUE,TRUE,TRUE,,FALSE,FALSE,FALSE,,,FALSE,TRUE,,TRUE,TRUE,TRUE,TRUE,,FALSE,,,,
3.218029368,-0.066647728,0.00578854,-0.752317855,35.23059145,-35.88601753,0.189524354,,-34.73059145,FALSE,TRUE,,,,TRUE,TRUE,TRUE,TRUE,TRUE,TRUE,,FALSE,FALSE,FALSE,,,FALSE,TRUE,,TRUE,TRUE,TRUE,TRUE,,FALSE,,,,
3.212094798,-0.067179,0.00476309,-0.749710237,36.38287806,-37.00735378,0.189646332,,-35.88287806,FALSE,TRUE,,,,TRUE,TRUE,TRUE,TRUE,TRUE,TRUE,,FALSE,FALSE,FALSE,,,FALSE,TRUE,,TRUE,TRUE,TRUE,TRUE,,FALSE,,,,
3.207008146,-0.067648685,0.003793128,-0.747599685,37.5356162,-38.12427937,0.189758896,,-37.0356162,FALSE,TRUE,,,,TRUE,TRUE,TRUE,TRUE,TRUE,TRUE,,FALSE,FALSE,FALSE,,,FALSE,TRUE,,TRUE,TRUE,TRUE,TRUE,,FALSE,,,,
3.202748651,-0.068056858,0.00288716,-0.745956168,38.68858325,-39.23761674,0.189861759,,-38.18858325,FALSE,TRUE,,,,TRUE,TRUE,TRUE,TRUE,TRUE,TRUE,,FALSE,FALSE,FALSE,,,FALSE,TRUE,,TRUE,TRUE,FALSE,TRUE,,FALSE,,,,
3.199284501,-0.068404553,0.002051733,-0.744745934,39.8415889,-40.34814123,0.18995482,,-39.3415889,FALSE,TRUE,,,,TRUE,TRUE,TRUE,TRUE,TRUE,TRUE,,FALSE,FALSE,FALSE,,,FALSE,TRUE,,TRUE,TRUE,FALSE,TRUE,,FALSE,,,,
3.196574337,-0.068693674,0.00129144,-0.743932493,40.99447274,-41.45657442,0.190038145,,-40.49447274,FALSE,TRUE,,,,TRUE,TRUE,TRUE,TRUE,FALSE,FALSE,,FALSE,FALSE,FALSE,,,FALSE,TRUE,,TRUE,TRUE,FALSE,FALSE,,FALSE,,,,
0.969114577,-0.292512056,-0.268122242,-0.068005878,0.482645864,3.84008396,0.19,,0.017354136,TRUE,TRUE,TRUE,,,TRUE,FALSE,,TRUE,FALSE,FALSE,,TRUE,FALSE,FALSE,,,TRUE,TRUE,,FALSE,TRUE,FALSE,FALSE,,TRUE,,,,
1.182395975,-0.537869316,-0.321822683,-0.224654215,0.97149267,3.553795881,0.193,,-0.47149267,TRUE,TRUE,TRUE,,,TRUE,FALSE,,TRUE,FALSE,FALSE,,TRUE,TRUE,TRUE,,,TRUE,TRUE,,FALSE,TRUE,FALSE,FALSE,,TRUE,,,,
1.611150042,-0.605783572,-0.209993008,-0.362653016,1.544051204,3.065554171,0.193,,-1.044051204,TRUE,TRUE,TRUE,,,TRUE,FALSE,,TRUE,FALSE,FALSE,,TRUE,TRUE,TRUE,,,TRUE,TRUE,,FALSE,TRUE,FALSE,FALSE,,TRUE,,,,
2.044447398,-0.387628023,-0.327823328,-0.4706269,2.285867682,2.458020248,0.193,,-1.785867682,TRUE,TRUE,TRUE,,,TRUE,FALSE,,TRUE,FALSE,FALSE,,TRUE,TRUE,TRUE,,,TRUE,TRUE,,FALSE,TRUE,FALSE,FALSE,,TRUE,,,,
2.343717276,-0.213352047,-0.353560391,-0.659527609,3.133896966,1.749073001,0.193,,-2.633896966,TRUE,TRUE,TRUE,,,TRUE,FALSE,,TRUE,FALSE,FALSE,,TRUE,FALSE,FALSE,,,TRUE,TRUE,,FALSE,TRUE,FALSE,FALSE,,TRUE,,,,
2.668986859,-0.137818115,-0.214461891,-0.801105471,4.003319698,0.842844779,0.193,,-3.503319698,TRUE,TRUE,TRUE,,,FALSE,TRUE,,TRUE,FALSE,FALSE,,TRUE,FALSE,FALSE,,,TRUE,TRUE,,FALSE,FALSE,TRUE,FALSE,,TRUE,,,,
2.952981721,-0.095037109,-0.111937817,-0.880331847,4.894542326,-0.248941693,0.192355022,,-4.394542326,TRUE,TRUE,TRUE,,,FALSE,TRUE,,TRUE,FALSE,FALSE,,FALSE,FALSE,FALSE,,,TRUE,TRUE,,FALSE,FALSE,TRUE,FALSE,,TRUE,,,,
3.160145129,-0.070397822,-0.045332782,-0.917561211,5.812391274,-1.475685616,0.18973348,,-5.312391274,TRUE,TRUE,TRUE,,,FALSE,TRUE,,TRUE,TRUE,TRUE,,FALSE,FALSE,FALSE,,,TRUE,TRUE,,FALSE,FALSE,TRUE,TRUE,,TRUE,,,,
3.29413738,-0.058164921,-0.011769264,-0.930651138,6.759072031,-2.786077684,0.188762883,,-6.259072031,TRUE,TRUE,TRUE,,,FALSE,TRUE,,TRUE,TRUE,TRUE,,FALSE,FALSE,FALSE,,,TRUE,TRUE,,FALSE,FALSE,TRUE,TRUE,,TRUE,,,,
3.373514661,-0.052807476,0.002856203,-0.932328062,7.731799362,-4.142304789,0.188526777,,-7.231799362,TRUE,TRUE,TRUE,,,FALSE,TRUE,,TRUE,TRUE,TRUE,,FALSE,FALSE,FALSE,,,TRUE,TRUE,,FALSE,FALSE,TRUE,TRUE,,TRUE,,,,
3.416995663,-0.050700655,0.008854769,-0.929160082,8.725363366,-5.520487638,0.188427711,,-8.225363366,TRUE,TRUE,TRUE,,,FALSE,TRUE,,TRUE,TRUE,TRUE,,FALSE,FALSE,FALSE,,,TRUE,TRUE,,FALSE,FALSE,TRUE,TRUE,,TRUE,,,,
3.438474448,-0.049993641,0.011546572,-0.923949865,9.734871979,-6.906578632,0.188276574,,-9.234871979,TRUE,TRUE,TRUE,,,FALSE,TRUE,,TRUE,TRUE,TRUE,,FALSE,FALSE,FALSE,,,TRUE,TRUE,,FALSE,FALSE,TRUE,TRUE,,TRUE,,,,
3.446909339,-0.049871775,0.013159978,-0.917710461,10.75685873,-8.292435946,0.188080059,,-10.25685873,TRUE,TRUE,TRUE,,,FALSE,TRUE,,TRUE,TRUE,TRUE,,FALSE,FALSE,FALSE,,,TRUE,TRUE,,FALSE,FALSE,TRUE,TRUE,,TRUE,,,,
3.447641824,-0.050021029,0.014432585,-0.91076637,11.78926154,-9.673205751,0.187880253,,-11.28926154,TRUE,TRUE,TRUE,,,FALSE,TRUE,,TRUE,TRUE,TRUE,,FALSE,FALSE,FALSE,,,TRUE,TRUE,,FALSE,FALSE,TRUE,TRUE,,TRUE,,,,
3.443726652,-0.050330729,0.015536773,-0.9032366,12.83099656,-11.04583355,0.187706186,,-12.33099656,TRUE,TRUE,TRUE,,,FALSE,TRUE,,TRUE,TRUE,TRUE,,FALSE,FALSE,FALSE,,,FALSE,TRUE,,TRUE,FALSE,TRUE,TRUE,,FALSE,,,,
3.436886348,-0.050760697,0.016482647,-0.895201478,13.88153756,-12.40827596,0.187570073,,-13.38153756,TRUE,TRUE,TRUE,,,FALSE,TRUE,,TRUE,TRUE,TRUE,,FALSE,FALSE,FALSE,,,FALSE,TRUE,,TRUE,FALSE,TRUE,TRUE,,FALSE,,,,
3.428102874,-0.051291953,0.017253542,-0.886744417,14.94062337,-13.75909244,0.187474602,,-14.44062337,TRUE,TRUE,TRUE,,,FALSE,TRUE,,TRUE,TRUE,TRUE,,FALSE,FALSE,FALSE,,,FALSE,TRUE,,TRUE,FALSE,TRUE,TRUE,,FALSE,,,,
3.417956912,-0.051911318,0.017838453,-0.877955714,16.00808528,-15.09723312,0.187418482,,-15.50808528,TRUE,TRUE,TRUE,,,FALSE,TRUE,,TRUE,TRUE,TRUE,,FALSE,FALSE,FALSE,,,FALSE,TRUE,,TRUE,FALSE,TRUE,TRUE,,FALSE,,,,
3.406814491,-0.052607337,0.018234542,-0.868928888,17.08375538,-16.42192686,0.18739903,,-16.58375538,TRUE,TRUE,TRUE,,,FALSE,TRUE,,TRUE,TRUE,TRUE,,FALSE,FALSE,FALSE,,,FALSE,TRUE,,TRUE,FALSE,TRUE,TRUE,,FALSE,,,,
3.394927602,-0.053369292,0.018444331,-0.859757357,18.1674227,-17.73262119,0.187413088,,-17.6674227,FALSE,TRUE,,,,FALSE,TRUE,,TRUE,TRUE,TRUE,,FALSE,FALSE,FALSE,,,FALSE,TRUE,,TRUE,FALSE,TRUE,TRUE,,FALSE,,,,
3.382487949,-0.054186905,0.018473509,-0.850532384,19.25881562,-19.02894926,0.187457309,,-18.75881562,FALSE,TRUE,,,,FALSE,TRUE,,TRUE,TRUE,TRUE,,FALSE,FALSE,FALSE,,,FALSE,TRUE,,TRUE,FALSE,TRUE,TRUE,,FALSE,,,,
3.369655486,-0.055050178,0.018329845,-0.841341807,20.35759882,-20.31071064,0.18752824,,-19.85759882,FALSE,TRUE,,,,FALSE,TRUE,,TRUE,TRUE,TRUE,,FALSE,FALSE,FALSE,,,FALSE,TRUE,,TRUE,FALSE,TRUE,TRUE,,FALSE,,,,
3.356573336,-0.055949282,0.018022759,-0.83226913,21.46337774,-21.57785892,0.187622379,,-20.96337774,FALSE,TRUE,,,,FALSE,TRUE,,TRUE,TRUE,TRUE,,FALSE,FALSE,FALSE,,,FALSE,TRUE,,TRUE,FALSE,TRUE,TRUE,,FALSE,,,,
3.343375284,-0.056874499,0.017563162,-0.823392748,22.57570728,-22.83049224,0.187736217,,-22.07570728,FALSE,TRUE,,,,FALSE,TRUE,,TRUE,TRUE,TRUE,,FALSE,FALSE,FALSE,,,FALSE,TRUE,,TRUE,FALSE,TRUE,TRUE,,FALSE,,,,
3.330189161,-0.057816208,0.016963397,-0.81478523,23.6941025,-24.06884461,0.187866289,,-23.1941025,FALSE,TRUE,,,,FALSE,TRUE,,TRUE,TRUE,TRUE,,FALSE,FALSE,FALSE,,,FALSE,TRUE,,TRUE,FALSE,TRUE,TRUE,,FALSE,,,,
3.317137907,-0.058764912,0.016237159,-0.806512628,24.81805012,-25.2932768,0.188009224,,-24.31805012,FALSE,TRUE,,,,FALSE,TRUE,,TRUE,TRUE,TRUE,,FALSE,FALSE,FALSE,,,FALSE,TRUE,,TRUE,FALSE,TRUE,TRUE,,FALSE,,,,
3.304339314,-0.059711301,0.015399384,-0.798633839,25.94702004,-26.50426633,0.18816179,,-25.44702004,FALSE,TRUE,,,,FALSE,TRUE,,TRUE,TRUE,TRUE,,FALSE,FALSE,FALSE,,,FALSE,TRUE,,TRUE,FALSE,TRUE,TRUE,,FALSE,,,,
3.291905036,-0.060646336,0.014466081,-0.791200033,27.08047639,-27.70239625,0.188320934,,-26.58047639,FALSE,TRUE,,,,TRUE,TRUE,TRUE,TRUE,TRUE,TRUE,,FALSE,FALSE,FALSE,,,FALSE,TRUE,,TRUE,FALSE,TRUE,TRUE,,FALSE,,,,
3.279939199,-0.061561354,0.013454107,-0.784254181,28.21788763,-28.88834271,0.188483819,,-27.71788763,FALSE,TRUE,,,,TRUE,TRUE,TRUE,TRUE,TRUE,TRUE,,FALSE,FALSE,FALSE,,,FALSE,TRUE,,TRUE,TRUE,TRUE,TRUE,,FALSE,,,,
3.268536863,-0.062448188,0.012380892,-0.777830709,29.35873551,-30.06286145,0.188647849,,-28.85873551,FALSE,TRUE,,,,TRUE,TRUE,TRUE,TRUE,TRUE,TRUE,,FALSE,FALSE,FALSE,,,FALSE,TRUE,,TRUE,TRUE,TRUE,TRUE,,FALSE,,,,
3.257782491,-0.063299283,0.011264125,-0.771955293,30.50252274,-31.22677348,0.188810693,,-30.00252274,FALSE,TRUE,,,,TRUE,TRUE,TRUE,TRUE,TRUE,TRUE,,FALSE,FALSE,FALSE,,,FALSE,TRUE,,TRUE,TRUE,TRUE,TRUE,,FALSE,,,,
3.247748551,-0.064107825,0.010121412,-0.76664482,31.64877912,-32.38095016,0.188970297,,-31.14877912,FALSE,TRUE,,,,TRUE,TRUE,TRUE,TRUE,TRUE,TRUE,,FALSE,FALSE,FALSE,,,FALSE,TRUE,,TRUE,TRUE,TRUE,TRUE,,FALSE,,,,
3.238494366,-0.064867843,0.008969921,-0.761907529,32.79706636,-33.52629805,0.189124893,,-32.29706636,FALSE,TRUE,,,,TRUE,TRUE,TRUE,TRUE,TRUE,TRUE,,FALSE,FALSE,FALSE,,,FALSE,TRUE,,TRUE,TRUE,TRUE,TRUE,,FALSE,,,,
3.230065261,-0.065574318,0.007826022,-0.757743317,33.9469813,-34.66374399,0.189272997,,-33.4469813,FALSE,TRUE,,,,TRUE,TRUE,TRUE,TRUE,TRUE,TRUE,,FALSE,FALSE,FALSE,,,FALSE,TRUE,,TRUE,TRUE,TRUE,TRUE,,FALSE,,,,
3.222492092,-0.066223249,0.006704963,-0.754144224,35.098158,-35.79422049,0.189413403,,-34.598158,FALSE,TRUE,,,,TRUE,TRUE,TRUE,TRUE,TRUE,TRUE,,FALSE,FALSE,FALSE,,,FALSE,TRUE,,TRUE,TRUE,TRUE,TRUE,,FALSE,,,,
3.215791161,-0.066811711,0.005620561,-0.751095073,36.25026849,-36.91865203,0.189545174,,-35.75026849,FALSE,TRUE,,,,TRUE,TRUE,TRUE,TRUE,TRUE,TRUE,,FALSE,FALSE,FALSE,,,FALSE,TRUE,,TRUE,TRUE,TRUE,TRUE,,FALSE,,,,
3.209964545,-0.067337871,0.004584961,-0.748574247,37.40302249,-38.03794241,0.189667626,,-36.90302249,FALSE,TRUE,,,,TRUE,TRUE,TRUE,TRUE,TRUE,TRUE,,FALSE,FALSE,FALSE,,,FALSE,TRUE,,TRUE,TRUE,TRUE,TRUE,,FALSE,,,,
3.205000809,-0.067800983,0.003608442,-0.746554572,38.55616641,-39.15296341,0.189780306,,-38.05616641,FALSE,TRUE,,,,TRUE,TRUE,TRUE,TRUE,TRUE,TRUE,,FALSE,FALSE,FALSE,,,FALSE,TRUE,,TRUE,TRUE,FALSE,TRUE,,FALSE,,,,
3.200876079,-0.06820134,0.002699305,-0.745004278,39.70948152,-40.26454492,0.189882973,,-39.20948152,FALSE,TRUE,,,,TRUE,TRUE,TRUE,TRUE,TRUE,TRUE,,FALSE,FALSE,FALSE,,,FALSE,TRUE,,TRUE,TRUE,FALSE,TRUE,,FALSE,,,,
3.197555415,-0.068540206,0.001863824,-0.743887997,40.86278173,-41.37346684,0.189975573,,-40.36278173,FALSE,TRUE,,,,TRUE,TRUE,TRUE,TRUE,TRUE,TRUE,,FALSE,FALSE,FALSE,,,FALSE,TRUE,,TRUE,TRUE,FALSE,TRUE,,FALSE,,,,
0.969114577,-0.292512056,-0.268122242,-0.068005878,0.482645864,4.197226817,0.19,,0.017354136,TRUE,TRUE,TRUE,,,TRUE,FALSE,,TRUE,FALSE,FALSE,,TRUE,FALSE,FALSE,,,TRUE,TRUE,,FALSE,TRUE,FALSE,FALSE,,TRUE,,,,
1.182395975,-0.537869316,-0.321822683,-0.224654215,0.97149267,3.910938738,0.193,,-0.47149267,TRUE,TRUE,TRUE,,,TRUE,FALSE,,TRUE,FALSE,FALSE,,TRUE,TRUE,TRUE,,,TRUE,TRUE,,FALSE,TRUE,FALSE,FALSE,,TRUE,,,,
1.611150042,-0.605783572,-0.209993008,-0.362653016,1.544051204,3.422697028,0.193,,-1.044051204,TRUE,TRUE,TRUE,,,TRUE,FALSE,,TRUE,FALSE,FALSE,,TRUE,TRUE,TRUE,,,TRUE,TRUE,,FALSE,TRUE,FALSE,FALSE,,TRUE,,,,
2.044447398,-0.387628023,-0.327823328,-0.4706269,2.285867682,2.815163105,0.193,,-1.785867682,TRUE,TRUE,TRUE,,,TRUE,FALSE,,TRUE,FALSE,FALSE,,TRUE,TRUE,TRUE,,,TRUE,TRUE,,FALSE,TRUE,FALSE,FALSE,,TRUE,,,,
2.343717276,-0.213352047,-0.353560391,-0.659527609,3.133896966,2.106215858,0.193,,-2.633896966,TRUE,TRUE,TRUE,,,TRUE,FALSE,,TRUE,FALSE,FALSE,,TRUE,FALSE,FALSE,,,TRUE,TRUE,,FALSE,TRUE,FALSE,FALSE,,TRUE,,,,
2.668986859,-0.137818115,-0.214461891,-0.801105471,4.003319698,1.199987636,0.193,,-3.503319698,TRUE,TRUE,TRUE,,,FALSE,TRUE,,TRUE,FALSE,FALSE,,TRUE,FALSE,FALSE,,,TRUE,TRUE,,FALSE,FALSE,TRUE,FALSE,,TRUE,,,,
2.95314208,-0.095575777,-0.114834254,-0.881179116,4.894094138,0.107819695,0.192846859,,-4.394094138,TRUE,TRUE,TRUE,,,FALSE,TRUE,,TRUE,FALSE,FALSE,,FALSE,FALSE,FALSE,,,TRUE,TRUE,,FALSE,FALSE,TRUE,FALSE,,TRUE,,,,
3.161250458,-0.070972282,-0.048781863,-0.920046116,5.809854818,-1.120841274,0.190193375,,-5.309854818,TRUE,TRUE,TRUE,,,FALSE,TRUE,,TRUE,FALSE,FALSE,,FALSE,FALSE,FALSE,,,TRUE,TRUE,,FALSE,FALSE,TRUE,FALSE,,TRUE,,,,
3.296736863,-0.058494644,-0.0146459,-0.934712176,6.752566336,-2.435219087,0.189116985,,-6.252566336,TRUE,TRUE,TRUE,,,FALSE,TRUE,,TRUE,TRUE,TRUE,,FALSE,FALSE,FALSE,,,TRUE,TRUE,,FALSE,FALSE,TRUE,TRUE,,TRUE,,,,
3.37772978,-0.052871208,0.000687749,-0.937630782,7.719824123,-3.797446239,0.188790715,,-7.219824123,TRUE,TRUE,TRUE,,,FALSE,TRUE,,TRUE,TRUE,TRUE,,FALSE,FALSE,FALSE,,,TRUE,TRUE,,FALSE,FALSE,TRUE,TRUE,,TRUE,,,,
3.422699653,-0.050551791,0.007251598,-0.935387984,8.706886815,-5.183347987,0.188629228,,-8.206886815,TRUE,TRUE,TRUE,,,FALSE,TRUE,,TRUE,TRUE,TRUE,,FALSE,FALSE,FALSE,,,TRUE,TRUE,,FALSE,FALSE,TRUE,TRUE,,TRUE,,,,
3.445454398,-0.049687962,0.010344497,-0.930864943,9.709228888,-6.578546126,0.188431006,,-9.209228888,TRUE,TRUE,TRUE,,,FALSE,TRUE,,TRUE,TRUE,TRUE,,FALSE,FALSE,FALSE,,,TRUE,TRUE,,FALSE,FALSE,TRUE,TRUE,,TRUE,,,,
3.454951338,-0.049449441,0.012246256,-0.925143806,10.72363434,-7.974614354,0.188194241,,-10.22363434,TRUE,TRUE,TRUE,,,FALSE,TRUE,,TRUE,TRUE,TRUE,,FALSE,FALSE,FALSE,,,TRUE,TRUE,,FALSE,FALSE,TRUE,TRUE,,TRUE,,,,
3.456560991,-0.049507323,0.013745491,-0.91859136,11.74821505,-9.366471575,0.187957154,,-11.24821505,TRUE,TRUE,TRUE,,,FALSE,TRUE,,TRUE,TRUE,TRUE,,FALSE,FALSE,FALSE,,,TRUE,TRUE,,FALSE,FALSE,TRUE,TRUE,,TRUE,,,,
3.453368976,-0.049742013,0.015044595,-0.911349036,12.78202116,-10.75087885,0.187747803,,-12.28202116,TRUE,TRUE,TRUE,,,FALSE,TRUE,,TRUE,TRUE,TRUE,,FALSE,FALSE,FALSE,,,TRUE,TRUE,,FALSE,FALSE,TRUE,TRUE,,TRUE,,,,
3.447121191,-0.05010891,0.01616774,-0.903509052,13.82463988,-12.12563556,0.187578612,,-13.32463988,TRUE,TRUE,TRUE,,,FALSE,TRUE,,TRUE,TRUE,TRUE,,FALSE,FALSE,FALSE,,,FALSE,TRUE,,TRUE,FALSE,TRUE,TRUE,,FALSE,,,,
3.438814809,-0.050586976,0.017104122,-0.895162005,14.87591058,-13.48916033,0.187452623,,-14.37591058,TRUE,TRUE,TRUE,,,FALSE,TRUE,,TRUE,TRUE,TRUE,,FALSE,FALSE,FALSE,,,FALSE,TRUE,,TRUE,FALSE,TRUE,TRUE,,FALSE,,,,
3.429039528,-0.051162039,0.017845029,-0.886403457,15.93575434,-14.8402724,0.187368806,,-15.43575434,TRUE,TRUE,TRUE,,,FALSE,TRUE,,TRUE,TRUE,TRUE,,FALSE,FALSE,FALSE,,,FALSE,TRUE,,TRUE,FALSE,TRUE,TRUE,,FALSE,,,,
3.418166359,-0.05182211,0.018388392,-0.877331468,17.00408253,-16.17807628,0.187324631,,-16.50408253,TRUE,TRUE,TRUE,,,FALSE,TRUE,,TRUE,TRUE,TRUE,,FALSE,FALSE,FALSE,,,FALSE,TRUE,,TRUE,FALSE,TRUE,TRUE,,FALSE,,,,
3.406449894,-0.052556159,0.018736776,-0.868043808,18.08075261,-17.50190002,0.187317031,,-17.58075261,TRUE,TRUE,TRUE,,,FALSE,TRUE,,TRUE,TRUE,TRUE,,FALSE,FALSE,FALSE,,,FALSE,TRUE,,TRUE,FALSE,TRUE,TRUE,,FALSE,,,,
3.394083243,-0.053353709,0.018895488,-0.858636184,19.16555037,-18.81126168,0.187342697,,-18.66555037,FALSE,TRUE,,,,FALSE,TRUE,,TRUE,TRUE,TRUE,,FALSE,FALSE,FALSE,,,FALSE,TRUE,,TRUE,FALSE,TRUE,TRUE,,FALSE,,,,
3.381227388,-0.054204622,0.018871646,-0.849201132,20.25818654,-20.10585034,0.187398172,,-19.75818654,FALSE,TRUE,,,,FALSE,TRUE,,TRUE,TRUE,TRUE,,FALSE,FALSE,FALSE,,,FALSE,TRUE,,TRUE,FALSE,TRUE,TRUE,,FALSE,,,,
3.3680267,-0.055098952,0.018673844,-0.839827225,21.35830133,-21.3855144,0.187479906,,-20.85830133,FALSE,TRUE,,,,FALSE,TRUE,,TRUE,TRUE,TRUE,,FALSE,FALSE,FALSE,,,FALSE,TRUE,,TRUE,FALSE,TRUE,TRUE,,FALSE,,,,
3.35461687,-0.05602685,0.018312097,-0.830598351,22.46547331,-22.65025316,0.187584305,,-21.96547331,FALSE,TRUE,,,,FALSE,TRUE,,TRUE,TRUE,TRUE,,FALSE,FALSE,FALSE,,,FALSE,TRUE,,TRUE,FALSE,TRUE,TRUE,,FALSE,,,,
3.341128601,-0.056978529,0.017797846,-0.821593017,23.57923049,-23.90020922,0.187707778,,-23.07923049,FALSE,TRUE,,,,FALSE,TRUE,,TRUE,TRUE,TRUE,,FALSE,FALSE,FALSE,,,FALSE,TRUE,,TRUE,FALSE,TRUE,TRUE,,FALSE,,,,
3.327688904,-0.057944271,0.017143959,-0.81288364,24.69906246,-25.13566066,0.187846793,,-24.19906246,FALSE,TRUE,,,,FALSE,TRUE,,TRUE,TRUE,TRUE,,FALSE,FALSE,FALSE,,,FALSE,TRUE,,TRUE,FALSE,TRUE,TRUE,,FALSE,,,,
3.314420969,-0.058914468,0.01636468,-0.804535856,25.82443278,-26.35701212,0.187997925,,-25.32443278,FALSE,TRUE,,,,FALSE,TRUE,,TRUE,TRUE,TRUE,,FALSE,FALSE,FALSE,,,FALSE,TRUE,,TRUE,FALSE,TRUE,TRUE,,FALSE,,,,
3.301443231,-0.059879698,0.015475514,-0.796607866,26.95479102,-27.56478467,0.188157904,,-26.45479102,FALSE,TRUE,,,,FALSE,TRUE,,TRUE,TRUE,TRUE,,FALSE,FALSE,FALSE,,,FALSE,TRUE,,TRUE,FALSE,TRUE,TRUE,,FALSE,,,,
3.288867951,-0.06083082,0.014493047,-0.789149863,28.08958404,-28.75960414,0.188323654,,-27.58958404,FALSE,TRUE,,,,TRUE,TRUE,TRUE,TRUE,TRUE,TRUE,,FALSE,FALSE,FALSE,,,FALSE,TRUE,,TRUE,FALSE,TRUE,TRUE,,FALSE,,,,
3.27679957,-0.061759093,0.013434705,-0.782203554,29.22826621,-29.94218828,0.188492328,,-28.72826621,FALSE,TRUE,,,,TRUE,TRUE,TRUE,TRUE,TRUE,TRUE,,FALSE,FALSE,FALSE,,,FALSE,TRUE,,TRUE,TRUE,TRUE,TRUE,,FALSE,,,,
3.265333011,-0.062656299,0.012318456,-0.775801826,30.37030834,-31.11333268,0.188661337,,-29.87030834,FALSE,TRUE,,,,TRUE,TRUE,TRUE,TRUE,TRUE,TRUE,,FALSE,FALSE,FALSE,,,FALSE,TRUE,,TRUE,TRUE,TRUE,TRUE,,FALSE,,,,
3.254552045,-0.063514869,0.01116248,-0.769968563,31.51520521,-32.2738959,0.188828367,,-31.01520521,FALSE,TRUE,,,,TRUE,TRUE,TRUE,TRUE,TRUE,TRUE,,FALSE,FALSE,FALSE,,,FALSE,TRUE,,TRUE,TRUE,TRUE,TRUE,,FALSE,,,,
3.244527849,-0.064328017,0.0099848,-0.764718637,32.66248148,-33.42478409,0.188991394,,-32.16248148,FALSE,TRUE,,,,TRUE,TRUE,TRUE,TRUE,TRUE,TRUE,,FALSE,FALSE,FALSE,,,FALSE,TRUE,,TRUE,TRUE,TRUE,TRUE,,FALSE,,,,
3.235317846,-0.065089847,0.008802912,-0.760058082,33.81169622,-34.56693539,0.18914869,,-33.31169622,FALSE,TRUE,,,,TRUE,TRUE,TRUE,TRUE,TRUE,TRUE,,FALSE,FALSE,FALSE,,,FALSE,TRUE,,TRUE,TRUE,TRUE,TRUE,,FALSE,,,,
3.226964879,-0.065795457,0.007633418,-0.755984456,34.96244586,-35.70130458,0.189298819,,-34.46244586,FALSE,TRUE,,,,TRUE,TRUE,TRUE,TRUE,TRUE,TRUE,,FALSE,FALSE,FALSE,,,FALSE,TRUE,,TRUE,TRUE,TRUE,TRUE,,FALSE,,,,
3.219496799,-0.066441014,0.006491682,-0.752487375,36.11436587,-36.82884827,0.189440629,,-35.61436587,FALSE,TRUE,,,,TRUE,TRUE,TRUE,TRUE,TRUE,TRUE,,FALSE,FALSE,FALSE,,,FALSE,TRUE,,TRUE,TRUE,TRUE,TRUE,,FALSE,,,,
3.212926463,-0.0670238,0.005391529,-0.749549209,37.2671312,-37.950511,0.189573241,,-36.7671312,FALSE,TRUE,,,,TRUE,TRUE,TRUE,TRUE,TRUE,TRUE,,FALSE,FALSE,FALSE,,,FALSE,TRUE,,TRUE,TRUE,TRUE,TRUE,,FALSE,,,,
3.207252164,-0.067542227,0.004344993,-0.747145913,38.4204557,-39.06721251,0.189696031,,-37.9204557,FALSE,TRUE,,,,TRUE,TRUE,TRUE,TRUE,TRUE,TRUE,,FALSE,FALSE,FALSE,,,FALSE,TRUE,,TRUE,TRUE,TRUE,TRUE,,FALSE,,,,
3.202458464,-0.067995822,0.003362141,-0.745247969,39.57409073,-40.17983639,0.18980861,,-39.07409073,FALSE,TRUE,,,,TRUE,TRUE,TRUE,TRUE,TRUE,TRUE,,FALSE,FALSE,FALSE,,,FALSE,TRUE,,TRUE,TRUE,FALSE,TRUE,,FALSE,,,,
3.198517387,-0.068385173,0.002450968,-0.743821391,40.7278231,-41.28922043,0.189910799,,-40.2278231,FALSE,TRUE,,,,TRUE,TRUE,TRUE,TRUE,TRUE,TRUE,,FALSE,FALSE,FALSE,,,FALSE,TRUE,,TRUE,TRUE,FALSE,TRUE,,FALSE,,,,
